taxon,q_(Intercept),q_Treatment1,q_Diet1,q_Timepoint1,q_Timepoint2,q_Timepoint3,q_DietTime1,q_DietTime2,q_DietTime3,lfc_(Intercept),lfc_Treatment1,lfc_Diet1,lfc_Timepoint1,lfc_Timepoint2,lfc_Timepoint3,lfc_DietTime1,lfc_DietTime2,lfc_DietTime3,se_(Intercept),se_Treatment1,se_Diet1,se_Timepoint1,se_Timepoint2,se_Timepoint3,se_TreatDiet1,se_TreatTime1,se_TreatTime2,se_TreatTime3,se_DietTime1,se_DietTime2,se_DietTime3,se_TreatDietTime1,se_TreatDietTime2,se_TreatDietTime3,W_(Intercept),W_Treatment1,W_Diet1,W_Timepoint1,W_Timepoint2,W_Timepoint3,W_TreatDiet1,W_TreatTime1,W_TreatTime2,W_TreatTime3,W_DietTime1,W_DietTime2,W_DietTime3,W_TreatDietTime1,W_TreatDietTime2,W_TreatDietTime3,p_(Intercept),p_Treatment1,p_Diet1,p_Timepoint1,p_Timepoint2,p_Timepoint3,p_TreatDiet1,p_TreatTime1,p_TreatTime2,p_TreatTime3,p_DietTime1,p_DietTime2,p_DietTime3,p_TreatDietTime1,p_TreatDietTime2,p_TreatDietTime3,diff_(Intercept),diff_Treatment1,diff_Diet1,diff_Timepoint1,diff_Timepoint2,diff_Timepoint3,diff_TreatDiet1,diff_TreatTime1,diff_TreatTime2,diff_TreatTime3,diff_DietTime1,diff_DietTime2,diff_DietTime3,diff_TreatDietTime1,diff_TreatDietTime2,diff_TreatDietTime3,passed_ss_(Intercept),passed_ss_Treatment1,passed_ss_Diet1,passed_ss_Timepoint1,passed_ss_Timepoint2,passed_ss_Timepoint3,passed_ss_TreatDiet1,passed_ss_TreatTime1,passed_ss_TreatTime2,passed_ss_TreatTime3,passed_ss_DietTime1,passed_ss_DietTime2,passed_ss_DietTime3,passed_ss_TreatDietTime1,passed_ss_TreatDietTime2,passed_ss_TreatDietTime3,name,nickname
Lachnospiraceae_UCG-001,0.119921844,0.982826174,0.996640842,0.373303218,0.033903737,0.068114596,1,1,0.004574716,-1.069376987,-1.140833651,-0.541677943,1.326337231,2.272605421,1.89506637,0,0,-5.616180902,0.528182794,0.773073326,0.718321102,0.734377899,0.711042204,0.690707911,1.079998546,0.991494633,1.035366756,0.975320485,0.52947808,0.513860867,1.641583021,0.585154552,0.505092426,0.503038155,-2.024634275,-1.475712086,-0.754088863,1.8060691,3.196161086,2.743658122,1.216641651,1.685585322,0.752146147,1.712772999,0,0,-3.421198216,0,0,0,0.047028174,0.144795289,0.453561307,0.08051638,0.003323896,0.010684643,0.228170393,0.100431573,0.457402007,0.097049316,1,1,0.001076404,1,1,1,FALSE,FALSE,FALSE,FALSE,TRUE,FALSE,FALSE,FALSE,FALSE,FALSE,FALSE,FALSE,TRUE,FALSE,FALSE,FALSE,TRUE,TRUE,TRUE,TRUE,FALSE,TRUE,TRUE,TRUE,TRUE,TRUE,FALSE,FALSE,TRUE,TRUE,TRUE,TRUE,NA,NA
Lachnospiraceae_NK4A136_group,0.027279193,0.982826174,0.663489401,0.298838029,0.045366898,0.016360278,0.262439906,0.555405663,0.388855632,-1.21736043,0.949616639,-1.021503206,1.042123374,1.490610876,1.724621216,1.097149844,0.65624794,0.911780053,0.430754845,0.616578991,0.593965212,0.545908714,0.545594436,0.54406196,0.859169189,0.717194472,0.783356218,0.713079021,0.761667563,0.746656252,0.741396855,1.03848299,0.991616887,0.989738953,-2.82610966,1.540137847,-1.719803087,1.908970029,2.732085921,3.169898545,0.575068016,-1.212056703,-1.312803691,-0.808354514,1.440457618,0.87891575,1.229813759,-0.299467334,-0.13358035,-1.203873315,0.005348861,0.125616641,0.087514068,0.058595692,0.007220346,0.001924739,0.566099909,0.227813812,0.191693257,0.420447233,0.152278609,0.381160749,0.221113987,0.765088936,0.893952733,0.23095026,TRUE,FALSE,FALSE,FALSE,TRUE,TRUE,FALSE,FALSE,FALSE,FALSE,FALSE,FALSE,FALSE,FALSE,FALSE,FALSE,TRUE,TRUE,FALSE,FALSE,TRUE,TRUE,TRUE,TRUE,TRUE,TRUE,TRUE,TRUE,TRUE,TRUE,TRUE,TRUE,NA,NA
Roseburia,0.984459311,0.982826174,0.996640842,0.627177506,0.859695011,0.905298673,0.63010739,1,1,0.035748253,0.302011331,-0.415379366,-0.523345878,-0.249847664,-0.13848519,0.442554791,0.061308738,0.060007975,0.386976341,0.559466507,0.538013905,0.460648779,0.460327095,0.458758392,0.778022642,0.595319875,0.663008716,0.589689417,0.645324851,0.646613533,0.63002109,0.863717977,0.820976118,0.810607479,0.092378393,0.539820216,-0.772060652,-1.136106077,-0.542761152,-0.301869552,-0.283269944,-0.602566949,-1.413864548,0.837791445,0.685786066,0.094815117,0.095247565,1.049702696,1.888045613,0.176803405,0.926549939,0.590277311,0.441545502,0.258249561,0.58833366,0.763291038,0.777439217,0.547962014,0.160054935,0.403854691,0.494201874,0.924622186,0.924279096,0.29601559,0.061483428,0.859966617,FALSE,FALSE,FALSE,FALSE,FALSE,FALSE,FALSE,FALSE,FALSE,FALSE,FALSE,FALSE,FALSE,FALSE,FALSE,FALSE,TRUE,TRUE,TRUE,TRUE,TRUE,TRUE,TRUE,TRUE,TRUE,TRUE,TRUE,TRUE,TRUE,TRUE,TRUE,TRUE,NA,NA
Lactobacillus,0.931035001,0.982826174,0.996640842,0.947679075,0.899579303,0.490800435,0.056517837,0.012547628,0.005463004,0.100807176,0.396832936,0.318395375,0.120929934,0.184427251,0.507702565,-1.414268871,-1.722646439,-1.879837147,0.36865857,0.523719087,0.505826832,0.432445151,0.432121433,0.43054277,0.7295707,0.545606702,0.613806741,0.539142344,0.599757183,0.584252035,0.578814923,0.793507432,0.733784967,0.731809252,0.273443191,0.757720973,0.629455289,0.279642248,0.426794963,1.179215168,-0.642051643,-0.483373554,-0.13879833,-1.368230657,-2.358069085,-2.948464593,-3.247734418,0.030267427,0.34806245,1.208100123,0.784990295,0.450127674,0.53026712,0.780221693,0.670274775,0.240588448,0.522084274,0.629689874,0.889836506,0.173734086,0.019947472,0.00382287,0.001499648,0.975902831,0.728388258,0.229326394,FALSE,FALSE,FALSE,FALSE,FALSE,FALSE,FALSE,FALSE,FALSE,FALSE,FALSE,TRUE,TRUE,FALSE,FALSE,FALSE,TRUE,TRUE,TRUE,TRUE,TRUE,TRUE,TRUE,TRUE,TRUE,TRUE,FALSE,TRUE,TRUE,TRUE,TRUE,TRUE,NA,NA
Romboutsia,0.110685886,0.982826174,0.996640842,0.712207042,1,0.763758345,0.180170165,0.0046503,0.002495311,-1.327985148,0.324349205,-0.808570529,0.73319438,-0.11222611,-0.662458288,1.816396671,3.686036223,3.875219877,0.629055177,0.966168145,0.890328457,0.735459745,0.818570313,0.817138776,1.32223362,1.068318328,1.196054347,1.134032414,1.055569301,1.113851645,1.085294086,1.506428431,1.531145267,1.522424568,-2.111078958,0.335706788,-0.908171049,0.996919798,-0.137100147,-0.810704751,0.894305132,0.054820817,0.820007344,-0.32743459,1.720774438,3.30927035,3.570663406,-0.055843697,-1.8928361,-0.750258046,0.036890853,0.737655338,0.365607785,0.321191411,0.89120692,0.419318307,0.372909045,0.956384534,0.414036603,0.743975023,0.088318708,0.001276553,5.38E-04,0.955573334,0.061128408,0.454773041,FALSE,FALSE,FALSE,FALSE,FALSE,FALSE,FALSE,FALSE,FALSE,FALSE,FALSE,TRUE,TRUE,FALSE,FALSE,FALSE,TRUE,TRUE,TRUE,TRUE,TRUE,TRUE,TRUE,TRUE,TRUE,TRUE,TRUE,TRUE,TRUE,TRUE,TRUE,TRUE,NA,NA
[Eubacterium]_nodatum_group,0.013590944,0.996151289,0.996640842,0.627094765,0.704480318,0.198360175,0.005080256,0.002177407,0.005934185,-1.204977028,0.104294928,-0.654758663,0.554875351,0.529665125,0.897757891,2.262989119,2.340085321,2.029390671,0.372624873,0.515235687,0.51134461,0.469965919,0.469644986,0.468079956,0.717577544,0.587635853,0.650972774,0.577326643,0.657937104,0.634340403,0.628953736,0.854344351,0.788669487,0.786716826,-3.233753606,0.202421786,-1.280464583,1.180671466,1.127798956,1.917958417,1.153702491,-0.322833379,-0.067436533,-1.438654206,3.43952196,3.689005636,3.22661359,-1.029255828,-1.26918905,-0.120366844,0.001535594,0.839892263,0.202562641,0.240897065,0.262453452,0.058341228,0.25065639,0.747595336,0.946385737,0.153762535,8.97E-04,3.84E-04,0.001745349,0.306212948,0.207662505,0.904462211,TRUE,FALSE,FALSE,FALSE,FALSE,FALSE,FALSE,FALSE,FALSE,FALSE,TRUE,TRUE,TRUE,FALSE,FALSE,FALSE,TRUE,TRUE,TRUE,TRUE,TRUE,TRUE,TRUE,TRUE,TRUE,TRUE,FALSE,FALSE,FALSE,TRUE,TRUE,TRUE,NA,NA
Clostridia_vadinBB60_group,0.897735676,0.982826174,1,0.715369557,1,0.635689815,0.014487958,0.004152468,0.023219902,0.124519236,-0.294069777,0.055085726,-0.384091252,-0.010130354,0.396685351,-2.250417423,-3.171021122,-2.441180288,0.372103728,0.528871579,0.510715051,0.400313907,0.399988642,0.398402404,0.73676003,0.497342773,0.565828752,0.489886541,0.757723697,0.925288813,0.920215924,0.959431034,1.095775045,1.035679456,0.33463582,-0.556032483,0.107860002,-0.959475163,-0.025326604,0.995690154,0.438854657,0.293140992,0.433059833,0.02580436,-2.969971022,-3.427060911,-2.652834214,-0.848592262,0.545822025,0.443273802,0.739311733,0.580690063,0.91454216,0.34182273,0.979892779,0.324077161,0.662673885,0.770597698,0.666787854,0.979513566,0.003977087,9.51E-04,0.009561136,0.398915372,0.586792364,0.658799299,FALSE,FALSE,FALSE,FALSE,FALSE,FALSE,FALSE,FALSE,FALSE,FALSE,TRUE,TRUE,TRUE,FALSE,FALSE,FALSE,FALSE,TRUE,TRUE,TRUE,TRUE,TRUE,TRUE,TRUE,TRUE,TRUE,TRUE,TRUE,TRUE,TRUE,TRUE,TRUE,NA,NA
Enterococcus,0.260558966,0.982826174,1,0.86583414,0.346384889,0.384243991,0.466955573,0.85989207,1,0.623908021,-0.280305405,0.221123984,-0.361003991,-1.23129661,-1.355099489,-0.824838659,-0.369585003,-0.041218222,0.419523992,0.744388895,0.553309863,0.641904023,0.720678794,0.926072781,0.936670343,0.94203079,1.101736876,1.148738414,0.834512971,0.873612205,1.031947601,1.239897822,1.275897336,1.339172698,1.487180787,-0.376557747,0.39963861,-0.562395588,-1.708523436,-1.463275367,0.581388558,-1.013706352,0.241986004,0.242487678,-0.988407236,-0.423053845,-0.039942166,-0.098285513,-0.378037767,-0.614237861,0.143051981,0.708035611,0.691065739,0.57722276,0.095086048,0.149456571,0.56349165,0.316458735,0.809980077,0.809357144,0.329615699,0.674425153,0.968292343,0.922179682,0.707239579,0.54175303,FALSE,FALSE,FALSE,FALSE,FALSE,FALSE,FALSE,FALSE,FALSE,FALSE,FALSE,FALSE,FALSE,FALSE,FALSE,FALSE,TRUE,TRUE,TRUE,TRUE,FALSE,FALSE,TRUE,TRUE,TRUE,TRUE,TRUE,TRUE,TRUE,TRUE,TRUE,TRUE,NA,NA
Tuzzerella,0.080553654,0.982826174,1,0.943988349,0.85526965,0.784460456,0.009474171,0.033092969,0.012115477,-1.21201856,0.26763588,-0.24107817,-0.230901245,0.338315204,0.397604822,2.471038851,1.946586228,2.176886794,0.510695187,0.657895854,0.702179753,0.543985734,0.543671284,0.535742104,0.944094027,0.644735275,0.708912347,0.634873444,0.769601143,0.74680457,0.740084906,0.966790544,0.910415822,0.909535331,-2.373271943,0.406805847,-0.343328284,-0.42446195,0.622278966,0.74215713,-0.39322373,0.259469593,-0.763274093,-0.828532055,3.210804549,2.606553716,2.941401419,-0.055719382,1.571084814,1.225400828,0.020533284,0.685714351,0.73234143,0.673084454,0.53663978,0.461447327,0.695480104,0.79635558,0.448840443,0.411314895,0.002229217,0.011679871,0.004751168,0.955777172,0.12204019,0.225886238,FALSE,FALSE,FALSE,FALSE,FALSE,FALSE,FALSE,FALSE,FALSE,FALSE,TRUE,TRUE,TRUE,FALSE,FALSE,FALSE,FALSE,FALSE,TRUE,TRUE,TRUE,TRUE,TRUE,TRUE,TRUE,TRUE,FALSE,FALSE,FALSE,TRUE,TRUE,TRUE,NA,NA
Clostridia_UCG-014,0.082598721,0.982826174,0.996640842,0.038461424,0.009780867,0.001209846,0.009584505,0.160846339,0.010766366,-1.497121256,0.56443022,0.554455721,1.917325146,1.990197851,2.264750169,-3.179162981,-1.840471492,-2.847160873,0.636402517,0.918925901,1.095142405,0.614547568,0.546451908,0.530176221,1.570352741,0.784956256,0.766240369,0.697630441,0.986862358,0.974873255,0.92875494,1.343027112,1.458546314,1.436620121,-2.352475387,0.614228219,0.506286413,3.119897051,3.642036604,4.271693222,0.739765549,-2.312941347,-1.522332202,-2.095073005,-3.221485707,-1.887908487,-3.065567407,-0.18717673,0.289200581,0.107164624,0.022674159,0.541907696,0.615046284,0.003422354,7.67E-04,1.19E-04,0.463146337,0.026102064,0.135893027,0.042628998,0.002443109,0.066230845,0.003799894,0.852391059,0.773906338,0.915181846,FALSE,FALSE,FALSE,TRUE,TRUE,TRUE,FALSE,FALSE,FALSE,FALSE,TRUE,FALSE,TRUE,FALSE,FALSE,FALSE,TRUE,TRUE,TRUE,FALSE,TRUE,TRUE,TRUE,TRUE,TRUE,TRUE,FALSE,FALSE,TRUE,TRUE,TRUE,TRUE,NA,NA
Escherichia-Shigella,0.897735676,0.982826174,1,0.805768464,0.9053147,0.947981239,0.836996383,0.7963313,0.940729572,0.136708119,-0.583617969,0.008286369,-0.37722574,-0.232553121,0.121309236,-0.302442433,-0.402170614,-0.238602683,0.400447516,0.585668048,0.550941782,0.58644124,0.586130532,0.568346702,0.806831012,0.805427753,0.870492161,0.77077382,0.798847677,0.783952907,0.766866761,1.117475067,1.073499137,1.05603484,0.341388356,-0.996499588,0.015040372,-0.643245587,-0.39675995,0.213442316,1.065386535,1.312218369,0.293158379,1.004111092,-0.378598376,-0.513003537,-0.311139686,-1.805967895,-0.379070364,-1.201536034,0.733450891,0.321155543,0.988026731,0.521379594,0.692299477,0.831370031,0.288992417,0.192129454,0.769943579,0.317489524,0.705702833,0.60895923,0.756272793,0.073609121,0.705353307,0.232077918,FALSE,FALSE,FALSE,FALSE,FALSE,FALSE,FALSE,FALSE,FALSE,FALSE,FALSE,FALSE,FALSE,FALSE,FALSE,FALSE,TRUE,TRUE,TRUE,FALSE,TRUE,TRUE,TRUE,TRUE,TRUE,TRUE,TRUE,TRUE,TRUE,TRUE,TRUE,TRUE,NA,NA
Lachnospiraceae_FCS020_group,0.133486586,0.982826174,0.996640842,0.973961231,0.840098819,0.093481018,0.417067261,1,0.499623569,-0.725463446,0.179517568,0.50789017,0.077423872,0.326083949,0.995806675,0.678072864,0.028749395,-0.60321277,0.385211276,0.536119526,0.564180763,0.435899078,0.429805315,0.428225941,0.783190862,0.534829322,0.599092926,0.524027457,0.632566795,0.615029005,0.607845541,0.809952687,0.749685085,0.750733595,-1.883287149,0.334846166,0.900225962,0.177618803,0.758678262,2.325423519,-0.607477594,0.045851931,0.33254572,0.265615527,1.071938758,0.046744779,-0.992378374,-0.010405321,-1.177714243,-0.260428156,0.06212389,0.738365352,0.369652728,0.859377556,0.449765249,0.021995534,0.54465845,0.963518667,0.740156932,0.791069268,0.28622263,0.96280554,0.323285839,0.991718013,0.241613604,0.795048039,FALSE,FALSE,FALSE,FALSE,FALSE,FALSE,FALSE,FALSE,FALSE,FALSE,FALSE,FALSE,FALSE,FALSE,FALSE,FALSE,FALSE,TRUE,TRUE,TRUE,FALSE,FALSE,TRUE,TRUE,TRUE,TRUE,FALSE,TRUE,TRUE,TRUE,TRUE,TRUE,NA,NA
A2,1.12E-04,0.982826174,0.996640842,0.038461424,0.001489844,1.07E-04,0.064724424,0.012547628,0.081889017,-2.214131778,0.263075787,-0.463953246,1.4681162,2.017512297,2.471065592,1.564725775,1.986669044,1.401808063,0.4577163,0.650773722,0.625149647,0.496580371,0.496261703,0.49470776,0.907285021,0.641024335,0.703928902,0.63169569,0.68466511,0.675250011,0.664060351,0.927663393,0.876889805,0.87065915,-4.837345267,0.404250783,-0.742147498,2.956452342,4.065420091,4.995000672,0.065493206,-0.759169839,-1.218667647,-0.674277059,2.285388509,2.942123674,2.110964857,0.717870207,1.074681178,1.294132137,4.41E-06,0.686854794,0.459668056,0.003770728,8.76E-05,2.10E-06,0.947906118,0.449303028,0.22544179,0.501476071,0.024113021,0.003936511,0.036930341,0.474288148,0.28474571,0.198192751,TRUE,FALSE,FALSE,TRUE,TRUE,TRUE,FALSE,FALSE,FALSE,FALSE,FALSE,TRUE,FALSE,FALSE,FALSE,FALSE,TRUE,TRUE,TRUE,TRUE,TRUE,TRUE,TRUE,TRUE,TRUE,TRUE,TRUE,FALSE,TRUE,TRUE,TRUE,TRUE,NA,NA
Oscillibacter,0.013590944,0.982826174,1,0.727934995,0.358255399,0.079470735,0.169478697,0.281858469,0.436543705,-1.064573734,-0.111952853,0.140685198,0.310698342,0.672590088,1.023973921,1.035605321,0.863796576,0.643861491,0.327518044,0.463304303,0.46613658,0.412437008,0.412112191,0.410528149,0.661946872,0.516365737,0.584775738,0.509325832,0.586063844,0.570526324,0.565077471,0.764941367,0.703143049,0.70115416,-3.25042773,-0.241640003,0.30181111,0.753323141,1.63205579,2.494284309,-0.563688164,0.611562567,0.035906095,0.195103183,1.767052057,1.514034567,1.139421628,0.351741741,0.675110655,0.550709299,0.001420631,0.809386261,0.763204143,0.452776194,0.105369235,0.014024247,0.573791745,0.542017004,0.971418595,0.845651517,0.079754681,0.132639279,0.256790415,0.725653569,0.500914149,0.582864591,TRUE,FALSE,FALSE,FALSE,FALSE,FALSE,FALSE,FALSE,FALSE,FALSE,FALSE,FALSE,FALSE,FALSE,FALSE,FALSE,TRUE,TRUE,FALSE,TRUE,FALSE,FALSE,TRUE,TRUE,TRUE,TRUE,FALSE,FALSE,FALSE,TRUE,TRUE,TRUE,NA,NA
Staphylococcus,0.262024192,1,0.663489401,0.947679075,0.840098819,0.829933113,0.210433714,0.220202832,1,-1.013004933,0.072046559,2.142289439,0.301907981,0.649188999,-0.440952345,-2.14039805,-1.912747406,0,0.651031076,0.806719867,1.171828516,0.830524344,0.75897188,0.819695911,1.054825216,1.073837424,1.002717429,0.452920771,1.213348527,1.04201857,0.508383022,1.248907679,0.505092426,0.503038155,-1.55600089,0.089308026,1.828159505,0.363514909,0.855353165,-0.537946255,0.643625971,1.353822304,0.147963677,0,-1.764042238,-1.835617389,0,-1.698853556,0,0,0.154131878,0.930792945,0.100595343,0.724563164,0.414545789,0.603571873,0.535809623,0.208708504,0.885633382,1,0.111406084,0.099307159,1,0.123568927,1,1,FALSE,FALSE,FALSE,FALSE,FALSE,FALSE,FALSE,FALSE,FALSE,FALSE,FALSE,FALSE,FALSE,FALSE,FALSE,FALSE,FALSE,TRUE,TRUE,TRUE,TRUE,TRUE,TRUE,TRUE,TRUE,TRUE,TRUE,TRUE,TRUE,TRUE,TRUE,TRUE,NA,NA
Acetatifactor,0.133486586,0.982826174,0.663489401,0.627094765,0.840098819,0.778069222,0.00105668,9.26E-04,9.95E-04,-0.923920693,-0.794472048,-1.359048032,-0.593243452,0.356485292,0.386548458,3.402819107,3.108784093,3.00394855,0.490999981,0.661603464,0.769851003,0.507090435,0.50205435,0.500502895,1.003835313,0.624375383,0.676169953,0.603204694,0.800067969,0.775205227,0.766568054,0.983316294,0.917387297,0.912683727,-1.881712279,-1.200828126,-1.765339043,-1.16989675,0.71005319,0.772320125,1.705811519,2.481171494,0.674904215,1.83338854,4.253162529,4.010272357,3.918697805,-1.952200442,-1.160926162,-1.5352263,0.06392301,0.234177354,0.081087514,0.245919516,0.479945444,0.442431519,0.092154546,0.015455334,0.501897227,0.070876366,6.22E-05,1.44E-04,1.95E-04,0.054810054,0.249469862,0.129017379,FALSE,FALSE,FALSE,FALSE,FALSE,FALSE,FALSE,FALSE,FALSE,FALSE,TRUE,TRUE,TRUE,FALSE,FALSE,FALSE,FALSE,TRUE,TRUE,TRUE,TRUE,TRUE,TRUE,TRUE,TRUE,TRUE,FALSE,FALSE,FALSE,TRUE,TRUE,TRUE,NA,NA
Akkermansia,0.429005157,0.982826174,0.996640842,0.250183288,0.00118992,3.75E-04,0.255366166,0.048563759,0.012115477,0.639762446,0.379515521,0.608218228,-1.366012152,-2.766895843,-2.951537771,1.362336778,2.163708003,2.589685527,0.60700195,0.879692333,0.844069396,0.655465654,0.655160679,0.65367367,1.226534323,0.882735896,0.946907087,0.894106701,0.917579415,0.903031788,0.897937611,1.272206478,1.232818261,1.241449962,1.05397099,0.431418471,0.720578463,-2.084033151,-4.223232454,-4.515307723,-1.150316919,-1.550168567,-0.093264716,-0.697809997,1.484707215,2.396048547,2.884037258,1.841983775,0.814420194,0.857362156,0.294415304,0.667085145,0.472836193,0.039244437,4.67E-05,1.47E-05,0.25273426,0.123691733,0.925846274,0.486617219,0.140201032,0.018092381,0.004642682,0.067906359,0.416991392,0.392921588,FALSE,FALSE,FALSE,FALSE,TRUE,TRUE,FALSE,FALSE,FALSE,FALSE,FALSE,TRUE,TRUE,FALSE,FALSE,FALSE,TRUE,TRUE,TRUE,TRUE,TRUE,TRUE,TRUE,TRUE,TRUE,TRUE,TRUE,TRUE,TRUE,TRUE,TRUE,TRUE,NA,NA
GCA-900066575,0.187749262,0.982826174,0.663489401,0.947679075,0.891372725,0.753414336,0.040634791,9.26E-04,8.51E-04,-0.870236691,-0.450781106,-1.604107777,-0.138392544,-0.251862625,0.450862785,1.912988132,3.044507028,2.902999595,0.523730827,0.716866974,0.726199884,0.533470835,0.547451487,0.531617536,0.986969659,0.67625937,0.747729033,0.65395329,0.757986621,0.739435701,0.723865521,0.966294209,0.909342813,0.889950463,-1.661610594,-0.628821138,-2.208906684,-0.259419138,-0.460063824,0.84809615,1.728320556,0.540566262,1.061826758,0.975674886,2.523775592,4.117338429,4.010412861,-0.531347251,-0.822700415,-1.173273117,0.099396668,0.530848636,0.029224017,0.795965511,0.646682173,0.398866413,0.086953492,0.590297884,0.29144366,0.332109469,0.01354493,9.08E-05,1.33E-04,0.596639455,0.413090748,0.244123814,FALSE,FALSE,FALSE,FALSE,FALSE,FALSE,FALSE,FALSE,FALSE,FALSE,TRUE,TRUE,TRUE,FALSE,FALSE,FALSE,FALSE,TRUE,TRUE,FALSE,FALSE,FALSE,TRUE,TRUE,TRUE,TRUE,FALSE,FALSE,FALSE,TRUE,TRUE,TRUE,NA,NA
[Eubacterium]_coprostanoligenes_group,0.279630672,0.982826174,0.663489401,0.947679075,0.788971969,0.103603416,0.068647112,0.152335089,0.662936723,-0.712701315,0.522928744,-1.453400363,0.177857654,0.484673164,1.101183599,1.607046911,1.344135955,0.498925006,0.5208715,0.737526484,0.73334348,0.514403495,0.489722141,0.488165413,1.046469198,0.63476167,0.684756742,0.612020217,0.714918228,0.705545844,0.684671841,0.931129947,0.888121805,0.874343956,-1.368286256,0.709030462,-1.981882164,0.345755143,0.989690119,2.255759153,1.073242284,-0.068661943,0.106521582,-1.25699155,2.247875139,1.905100804,0.72870677,-1.520067686,-1.845488651,-0.465677374,0.175454539,0.480757302,0.051104584,0.730295927,0.324870811,0.026408714,0.286899689,0.945405225,0.915397435,0.211897062,0.026920436,0.05973925,0.467955334,0.131877485,0.068074621,0.642514426,FALSE,FALSE,FALSE,FALSE,FALSE,FALSE,FALSE,FALSE,FALSE,FALSE,FALSE,FALSE,FALSE,FALSE,FALSE,FALSE,TRUE,TRUE,TRUE,TRUE,TRUE,FALSE,TRUE,TRUE,TRUE,TRUE,TRUE,TRUE,TRUE,TRUE,TRUE,TRUE,NA,NA
Lachnoclostridium,0.593085399,0.982826174,1,0.627094765,0.935394882,0.837589775,0.149328816,0.481263465,0.496065532,-0.236402297,-0.614574533,-0.076837153,-0.438756526,-0.122329059,0.158990465,0.912878802,0.501944864,0.491318325,0.291451654,0.408458332,0.39653238,0.359001542,0.358676959,0.357094066,0.568856461,0.436196727,0.504306589,0.427105062,0.494604791,0.479018352,0.473551783,0.63300362,0.558927049,0.556881535,-0.811120108,-1.504619897,-0.193772707,-1.222157774,-0.341056362,0.445234126,0.565294463,1.362299941,1.074853977,2.149279724,1.845673189,1.047861448,1.037517632,-0.518658972,-0.032578816,-1.083052826,0.418648517,0.134633639,0.846629623,0.223984889,0.733643045,0.656933157,0.572761862,0.175592677,0.284544076,0.033570762,0.067344368,0.296757135,0.30153003,0.60493043,0.97406327,0.280903553,FALSE,FALSE,FALSE,FALSE,FALSE,FALSE,FALSE,FALSE,FALSE,FALSE,FALSE,FALSE,FALSE,FALSE,FALSE,FALSE,TRUE,FALSE,TRUE,FALSE,TRUE,TRUE,TRUE,TRUE,TRUE,FALSE,FALSE,TRUE,TRUE,TRUE,TRUE,TRUE,NA,NA
Incertae_Sedis,0.027279193,0.982826174,0.465345095,0.112740537,0.05376773,0.391489279,0.482358652,0.457628952,0.910525827,1.399221338,-0.166801363,-1.751542653,-1.517195304,-1.543828382,-0.812968597,0.794151706,0.914190985,0.294750593,0.490211825,0.653240253,0.662573991,0.615928472,0.593139592,0.591627527,0.906793414,0.769047967,0.811843172,0.742213014,0.845897814,0.807758426,0.802566623,1.107834777,1.035721685,1.033857648,2.854319838,-0.255344588,-2.643542723,-2.463265415,-2.602807843,-1.374122331,2.452305401,0.376856779,0.371829169,0.846991281,0.938826999,1.131762858,0.367259969,-2.300453204,-2.599184235,-2.66902893,0.004956737,0.798828631,0.009124414,0.015474191,0.010542692,0.172243783,0.015413854,0.707101426,0.710785017,0.398966576,0.349946473,0.260220385,0.714137903,0.02345182,0.010706747,0.00883157,TRUE,FALSE,FALSE,FALSE,FALSE,FALSE,FALSE,FALSE,FALSE,FALSE,FALSE,FALSE,FALSE,FALSE,FALSE,FALSE,FALSE,FALSE,TRUE,TRUE,FALSE,FALSE,TRUE,TRUE,TRUE,TRUE,TRUE,TRUE,TRUE,TRUE,TRUE,TRUE,NA,NA
Colidextribacter,0.110685886,0.982826174,0.663489401,0.715369557,1,0.870316151,8.75E-04,3.90E-04,8.44E-05,-0.674163545,-0.609509892,-0.834900462,-0.375314022,0.060771508,0.150385676,2.383618727,2.371454864,2.547013114,0.320276511,0.442086542,0.437249376,0.400612085,0.400286828,0.398700632,0.619051723,0.490440962,0.558938635,0.482824374,0.554218213,0.538622216,0.533152106,0.716096588,0.650330349,0.648318811,-2.104942202,-1.378711709,-1.909437742,-0.936851473,0.151819903,0.377189459,1.054711751,1.839192697,1.012912322,2.367161458,4.300866829,4.402816661,4.777272915,-1.089150576,-0.646421914,-1.859319785,0.036895295,0.169969114,0.058037282,0.350671351,0.879577795,0.706683,0.293193737,0.068343563,0.313127434,0.019514911,3.43E-05,2.29E-05,4.96E-06,0.278245969,0.519226997,0.065404197,FALSE,FALSE,FALSE,FALSE,FALSE,FALSE,FALSE,FALSE,FALSE,FALSE,TRUE,TRUE,TRUE,FALSE,FALSE,FALSE,FALSE,TRUE,TRUE,TRUE,FALSE,FALSE,TRUE,TRUE,TRUE,TRUE,TRUE,TRUE,TRUE,TRUE,TRUE,TRUE,NA,NA
[Eubacterium]_xylanophilum_group,0.080553654,0.982826174,0.996640842,0.394448942,0.859695011,0.978193922,0.279326482,2.91E-05,5.40E-06,0.755299238,-0.169973728,-0.426475495,-0.674796599,-0.204830643,-0.058657861,-0.750367004,-3.263399114,-3.15185505,0.318841078,0.449263477,0.435218064,0.396861315,0.396535961,0.394949287,0.625720419,0.492182081,0.560677713,0.484606442,0.548848692,0.630893526,0.563045187,0.715895466,0.751000484,0.699747939,2.368889359,-0.378338628,-0.979912211,-1.700333525,-0.516549982,-0.148519982,0.653465182,0.246346465,0.264025198,1.107317214,-1.367165514,-5.172662231,-5.597872285,0.041853211,-0.52622301,-1.507754752,0.019433948,0.705845794,0.329095805,0.092811516,0.606843537,0.882292557,0.514703357,0.80602209,0.792414762,0.271354663,0.175263675,1.14E-06,2.12E-07,0.966716205,0.599923564,0.135018423,FALSE,FALSE,FALSE,FALSE,FALSE,FALSE,FALSE,FALSE,FALSE,FALSE,FALSE,TRUE,TRUE,FALSE,FALSE,FALSE,FALSE,TRUE,TRUE,FALSE,TRUE,TRUE,TRUE,TRUE,TRUE,TRUE,TRUE,TRUE,TRUE,TRUE,TRUE,TRUE,NA,NA
Anaerotruncus,0.027279193,0.982826174,1,0.727934995,0.963677014,1,0.005080256,9.26E-04,5.18E-04,-1.118799372,-0.593775373,-0.026103461,-0.366281423,-0.130813465,0.020367624,2.298647759,2.46830728,2.629079188,0.379838193,0.535473757,0.530382854,0.470073917,0.455889622,0.468188005,0.764675948,0.600909604,0.665925682,0.58122276,0.650898007,0.625651509,0.630150614,0.872544616,0.815762342,0.805104082,-2.945463077,-1.108878569,-0.049216261,-0.779199632,-0.28694109,0.043503087,1.466767606,0.628460669,0.208467784,1.288249635,3.531502222,3.945179138,4.172144133,-0.85022669,-0.365332407,-1.377029316,0.003798878,0.269472773,0.960818744,0.437526677,0.774720737,0.965378969,0.144738359,0.530995619,0.835259876,0.200419683,6.07E-04,1.43E-04,6.09E-05,0.397061306,0.715583374,0.171364142,TRUE,FALSE,FALSE,FALSE,FALSE,FALSE,FALSE,FALSE,FALSE,FALSE,TRUE,TRUE,TRUE,FALSE,FALSE,FALSE,TRUE,TRUE,TRUE,TRUE,TRUE,TRUE,TRUE,TRUE,TRUE,TRUE,TRUE,TRUE,TRUE,TRUE,TRUE,TRUE,NA,NA
Muribaculaceae,0.984283006,1,1,0.727934995,0.586787775,0.39418189,0.007950497,0.0046503,0.010543876,0.03122053,0.034111124,0.057518296,0.282802825,0.440418808,0.436922276,-1.465965113,-1.449040791,-1.286596183,0.267031072,0.372324612,0.362253341,0.330031142,0.329711142,0.328150734,0.518565103,0.394802279,0.461456932,0.384227575,0.453055209,0.437680498,0.432291835,0.569697563,0.487461973,0.485409103,0.116917217,0.091616623,0.1587792,0.856897393,1.335771687,1.331468226,-0.172571339,-0.144526442,0.104134109,-0.082037246,-3.235731724,-3.310727339,-2.976221334,0.761516109,0.043829739,0.333114055,0.907084339,0.927126669,0.874059536,0.393168027,0.184090282,0.18549736,0.863224413,0.885321322,0.917232532,0.934750444,0.001558921,0.00122156,0.003514625,0.447806477,0.965111196,0.739615326,FALSE,FALSE,FALSE,FALSE,FALSE,FALSE,FALSE,FALSE,FALSE,FALSE,TRUE,TRUE,TRUE,FALSE,FALSE,FALSE,TRUE,TRUE,TRUE,TRUE,FALSE,FALSE,TRUE,TRUE,TRUE,TRUE,TRUE,TRUE,TRUE,TRUE,TRUE,TRUE,NA,NA
Blautia,0.027279193,0.982826174,0.996640842,0.973961231,1,0.947981239,0.121696168,0.013685524,9.95E-04,-0.939392066,-0.275863971,0.296859668,-0.080080566,0.082429742,-0.088955044,1.172810845,1.685972923,2.224724792,0.329830722,0.465673519,0.450776393,0.431908681,0.431584928,0.4300061,0.64860124,0.54479827,0.613005276,0.53831894,0.598990203,0.583483154,0.578045353,0.792340171,0.732536047,0.730559798,-2.848103599,-0.592397806,0.658551939,-0.185410875,0.190993097,-0.206869262,-0.214468851,0.782243793,-0.032297439,1.354541405,1.957980011,2.88949717,3.84870284,0.235388049,0.858531915,-0.425961887,0.004961696,0.554400556,0.5111075,0.853212178,0.848845902,0.836454035,0.830448036,0.43557463,0.974287202,0.178046693,0.052496386,0.004561841,1.90E-04,0.814299017,0.392268779,0.670880079,TRUE,FALSE,FALSE,FALSE,FALSE,FALSE,FALSE,FALSE,FALSE,FALSE,FALSE,TRUE,TRUE,FALSE,FALSE,FALSE,TRUE,TRUE,TRUE,TRUE,TRUE,TRUE,TRUE,TRUE,TRUE,TRUE,FALSE,TRUE,TRUE,TRUE,TRUE,TRUE,NA,NA
Marvinbryantia,0.942466686,1,0.998033382,0.947679075,0.731088973,0.813962921,1,0.481263465,1,-0.110780938,0.079442766,-0.355442957,0.174619467,0.594869639,0.381631021,-0.068295958,-0.852078665,-0.10908949,0.519623854,0.708654635,0.771235402,0.587551825,0.554794376,0.556447915,1.042610801,0.722699936,0.77052187,0.689595377,0.858481466,0.809226809,0.806162818,1.091164877,1.026998655,1.00970334,-0.213194482,0.112103643,-0.460874793,0.297198408,1.072234444,0.685834219,1.309793728,0.691222599,0.119127275,-0.038551587,-0.079554377,-1.052954073,-0.135319426,-2.135819751,-1.845643211,-2.29432529,0.831588253,0.910966022,0.645786306,0.767130713,0.286701558,0.494761775,0.19306586,0.491532139,0.905467777,0.96934266,0.93679636,0.295418939,0.892690405,0.035847535,0.068564454,0.024339447,FALSE,FALSE,FALSE,FALSE,FALSE,FALSE,FALSE,FALSE,FALSE,FALSE,FALSE,FALSE,FALSE,FALSE,FALSE,FALSE,FALSE,TRUE,TRUE,TRUE,FALSE,FALSE,TRUE,TRUE,TRUE,TRUE,TRUE,TRUE,TRUE,TRUE,TRUE,TRUE,NA,NA
Erysipelatoclostridium,0.122436358,0.982826174,1,0.987856776,0.859695011,0.829933113,0.008552796,0.002728301,0.004983621,-0.653864358,0.147374321,0.019593716,-0.054682675,-0.210670348,-0.230936592,1.753373069,1.903353702,1.747497037,0.332296497,0.469357216,0.454269132,0.39823436,0.397909038,0.396322527,0.653738229,0.494233641,0.562726066,0.486705819,0.550814408,0.535213983,0.529742261,0.718896882,0.653374042,0.651363789,-1.967713667,0.313991808,0.043132395,-0.1373128,-0.529443484,-0.582698626,0.143683085,-0.298261105,-0.581828392,-1.015769216,3.183237482,3.556248083,3.298768414,-1.112524554,-0.427303296,0.137059338,0.051296627,0.754046314,0.965664246,0.891008072,0.59745212,0.561162914,0.88598018,0.766007144,0.561747135,0.311733205,0.001844721,5.35E-04,0.001270335,0.268082311,0.669905532,0.891207989,FALSE,FALSE,FALSE,FALSE,FALSE,FALSE,FALSE,FALSE,FALSE,FALSE,TRUE,TRUE,TRUE,FALSE,FALSE,FALSE,FALSE,TRUE,TRUE,TRUE,TRUE,TRUE,TRUE,TRUE,TRUE,TRUE,TRUE,TRUE,TRUE,TRUE,TRUE,TRUE,NA,NA
Mucispirillum,0.272697833,0.982826174,0.996640842,0.943988349,0.840098819,0.387546889,0.355758646,0.457628952,0.150302739,-0.663630214,-0.669467247,-0.575298805,-0.279319494,0.454704457,0.878935022,1.035017389,0.97305283,1.520460014,0.476623176,0.685125568,0.659077596,0.622937332,0.62262972,0.62112983,0.954861722,0.833639874,0.898369989,0.830532582,0.871320377,0.856642616,0.851502201,1.203034408,1.16174582,1.159917387,-1.392358256,-0.977145327,-0.872884785,-0.448391002,0.730296743,1.415058462,1.06098162,1.674036087,0.216696416,1.627947066,1.187872356,1.135891224,1.785620767,-1.270591399,0.423162331,-1.849516961,0.165757506,0.329981081,0.38404176,0.654659912,0.466597507,0.159578131,0.290306671,0.096664599,0.828803944,0.106094993,0.23717243,0.258210487,0.076624926,0.206272047,0.672915787,0.066783688,FALSE,FALSE,FALSE,FALSE,FALSE,FALSE,FALSE,FALSE,FALSE,FALSE,FALSE,FALSE,FALSE,FALSE,FALSE,FALSE,TRUE,TRUE,TRUE,TRUE,TRUE,TRUE,TRUE,TRUE,TRUE,TRUE,TRUE,TRUE,FALSE,TRUE,TRUE,TRUE,NA,NA
Lachnospiraceae_UCG-006,0.013590944,0.982826174,0.996640842,0.535238221,1,0.384243991,0.0015698,8.14E-04,2.98E-04,-1.136017029,-0.43781324,-0.644106591,-0.568691202,0.028623662,0.614434581,2.595268389,2.646363225,2.770292229,0.35216252,0.480918695,0.566274815,0.41966156,0.419337095,0.424367565,0.739956105,0.516530164,0.58301519,0.50404098,0.651152116,0.63579086,0.634563709,0.803780546,0.743340333,0.738864343,-3.225831721,-0.91036852,-1.137445237,-1.35511864,0.068259312,1.447882994,0.727196537,1.440573567,0.538389198,1.148054271,3.985656076,4.162317189,4.365664454,-0.230276803,0.169024392,-1.065955427,0.001598935,0.364424501,0.257353036,0.17841274,0.945714609,0.150683918,0.468370058,0.152781417,0.5915126,0.253667033,1.23E-04,6.39E-05,2.92E-05,0.818325862,0.866106213,0.28890206,TRUE,FALSE,FALSE,FALSE,FALSE,FALSE,FALSE,FALSE,FALSE,FALSE,TRUE,TRUE,TRUE,FALSE,FALSE,FALSE,TRUE,TRUE,FALSE,TRUE,TRUE,TRUE,TRUE,TRUE,TRUE,TRUE,TRUE,TRUE,TRUE,TRUE,TRUE,FALSE,NA,NA
Lactococcus,5.96E-08,0.982826174,0.996640842,0.947679075,0.840098819,0.829933113,1.41E-11,1.25E-11,2.42E-13,-2.032549522,0.28814894,0.220822225,0.096445607,0.272377818,0.194791767,4.275571459,4.158880337,4.477544852,0.310623002,0.437002819,0.423594509,0.377976763,0.377651321,0.376064217,0.608629236,0.464090621,0.532528079,0.45580963,0.521801589,0.506183899,0.500705881,0.67457178,0.604934941,0.602905014,-6.54346107,0.659375473,0.521305683,0.255162793,0.721241534,0.517974745,-0.491372657,-1.239820266,-0.60436738,-0.586296821,8.193864397,8.216145047,8.942465075,0.281565928,0.380777928,0.502618204,1.17E-09,0.510786043,0.603014152,0.799023534,0.472129621,0.605406324,0.623966597,0.217402049,0.546712603,0.558750473,2.77E-13,2.46E-13,4.74E-15,0.778749521,0.704024885,0.616131451,TRUE,FALSE,FALSE,FALSE,FALSE,FALSE,FALSE,FALSE,FALSE,FALSE,TRUE,TRUE,TRUE,FALSE,FALSE,FALSE,TRUE,TRUE,TRUE,TRUE,TRUE,TRUE,TRUE,TRUE,TRUE,TRUE,TRUE,TRUE,TRUE,TRUE,TRUE,TRUE,NA,NA
Hungatella,0.177339299,0.982826174,0.996640842,0.092207769,0.346384889,0.384243991,0.754145262,0.722545719,0.840120569,0.727660334,-1.210095234,0.390736635,-1.529755037,-1.145685873,-1.187351586,0.411348435,-0.515227761,-0.446838407,0.425021157,0.644380181,0.57480306,0.587718262,0.665692739,0.8161209,0.899100828,0.846948004,0.962617301,1.041227756,0.795247707,0.834104831,0.959106558,1.178918237,1.161339032,1.282227419,1.712056736,-1.87792125,0.679774801,-2.60287137,-1.721043067,-1.454872172,0.821190793,2.250131214,1.329852431,0.896037517,0.517258248,-0.617701447,-0.465890264,-2.010625702,-0.67050496,-0.236966779,0.09040827,0.063703849,0.498431387,0.010847973,0.088757127,0.149262508,0.41375676,0.026934045,0.187003599,0.37267731,0.606273642,0.538367399,0.642445141,0.047426324,0.504291859,0.813233328,FALSE,FALSE,FALSE,FALSE,FALSE,FALSE,FALSE,FALSE,FALSE,FALSE,FALSE,FALSE,FALSE,FALSE,FALSE,FALSE,TRUE,FALSE,TRUE,TRUE,FALSE,FALSE,TRUE,TRUE,TRUE,TRUE,TRUE,TRUE,TRUE,TRUE,TRUE,TRUE,NA,NA
Intestinimonas,0.044587316,0.982826174,0.663489401,1,0.799527756,0.829933113,0.002007891,9.26E-04,2.48E-04,-0.920769988,-0.97994246,-0.829960798,-0.008513361,0.389494068,0.251554041,2.310961275,2.280719233,2.557257892,0.350051831,0.465108996,0.506934513,0.417313749,0.410346032,0.406531548,0.675155689,0.489755365,0.553435587,0.475542847,0.596957574,0.576897365,0.569937923,0.732966223,0.664850205,0.661586392,-2.630381864,-2.106909279,-1.637215019,-0.020400385,0.949184439,0.618781105,1.814888506,2.286949022,1.53022931,3.382677628,3.871232022,3.953422863,4.486906008,-1.620923307,-1.285225363,-2.541895874,0.009616872,0.037287975,0.104076769,0.983767745,0.344894326,0.537481285,0.072007068,0.024509587,0.129341244,0.001045291,1.97E-04,1.45E-04,1.95E-05,0.108375394,0.201830844,0.012629265,TRUE,FALSE,FALSE,FALSE,FALSE,FALSE,FALSE,FALSE,FALSE,FALSE,TRUE,TRUE,TRUE,FALSE,FALSE,FALSE,TRUE,TRUE,TRUE,TRUE,FALSE,FALSE,TRUE,TRUE,TRUE,TRUE,TRUE,FALSE,FALSE,TRUE,TRUE,TRUE,NA,NA
Eisenbergiella,0.605621434,0.982826174,0.996640842,0.719272646,0.704480318,0.837589775,0.500271639,1,1,0.450098001,-0.854742578,-0.817282151,-0.725650828,-0.916905846,0.387204601,1.16823923,0.213883542,0,0.558916874,0.851064702,0.775860132,0.767477178,0.767180321,0.8403058,1.338688105,1.256600657,1.597989859,1.424154623,1.279096621,1.265346477,0.508383022,2.028033301,0.505092426,0.503038155,0.805304012,-1.004321501,-1.053388514,-0.945501507,-1.195163406,0.460790109,-0.143262931,1.021163753,1.278717687,0.675779846,0.913331496,0.169031602,0,-0.189444683,0,0,0.439372413,0.338906414,0.316949952,0.366688016,0.259597278,0.654807536,0.888928223,0.331245524,0.229874398,0.514503886,0.382560665,0.869141996,1,0.853534265,1,1,FALSE,FALSE,FALSE,FALSE,FALSE,FALSE,FALSE,FALSE,FALSE,FALSE,FALSE,FALSE,FALSE,FALSE,FALSE,FALSE,TRUE,TRUE,TRUE,TRUE,TRUE,TRUE,TRUE,TRUE,TRUE,TRUE,TRUE,TRUE,TRUE,TRUE,TRUE,TRUE,NA,NA
Ruminococcaceae,0.978309977,0.982826174,1,0.727934995,1,0.829933113,0.262439906,0.190587498,1,0.062955315,-0.244869341,0.173411976,-0.448650333,-0.051791034,0.284592619,-1.161915423,-1.938633392,0,0.423976205,0.60644475,0.631080582,0.557422664,0.55710941,0.555581943,0.862638934,0.714530468,0.780726242,0.710387843,0.813959667,1.098964549,0.508383022,1.065866872,0.505092426,0.503038155,0.148487851,-0.403778483,0.274785789,-0.80486561,-0.092963848,0.512242384,-0.117966206,0.753600149,0.956882573,1.209823089,-1.427485255,-1.764054531,0,-0.244952263,0,0,0.882397234,0.687642626,0.784313966,0.423702486,0.926205638,0.610141166,0.906442201,0.453690845,0.342016214,0.230535871,0.158016378,0.082214215,1,0.807231095,1,1,FALSE,FALSE,FALSE,FALSE,FALSE,FALSE,FALSE,FALSE,FALSE,FALSE,FALSE,FALSE,FALSE,FALSE,FALSE,FALSE,TRUE,TRUE,TRUE,TRUE,TRUE,TRUE,TRUE,TRUE,TRUE,TRUE,TRUE,TRUE,TRUE,TRUE,TRUE,TRUE,NA,NA
Anaeroplasma,0.117525406,0.982826174,0.996640842,0.038461424,0.045366898,8.07E-04,0.005080256,0.004152468,0.000599172,-0.853596821,-0.367306079,0.395295732,1.520962607,1.32667432,2.049687661,-2.579116598,-2.609107148,-2.882841714,0.418164564,0.624339837,0.594342482,0.488795793,0.488476448,0.486919194,0.859863464,0.654072296,0.721042154,0.649248661,0.735706323,0.76747461,0.699931982,1.04567781,0.992395211,0.944891036,-2.041294013,-0.588311136,0.665097556,3.111652409,2.715943265,4.209502694,0.928904765,0.756762737,1.106865587,0.269357675,-3.50563332,-3.399600602,-4.118745518,-1.086555826,-0.965611238,-0.92708705,0.043783975,0.557517765,0.507417229,0.002534262,0.008005923,6.33E-05,0.355006189,0.451245585,0.271416591,0.788295074,7.11E-04,9.77E-04,8.22E-05,0.280026384,0.336692011,0.356294288,FALSE,FALSE,FALSE,TRUE,TRUE,TRUE,FALSE,FALSE,FALSE,FALSE,TRUE,TRUE,TRUE,FALSE,FALSE,FALSE,TRUE,TRUE,TRUE,TRUE,TRUE,TRUE,FALSE,TRUE,TRUE,TRUE,TRUE,TRUE,TRUE,FALSE,FALSE,FALSE,NA,NA
Enterorhabdus,0.728101058,1,0.996640842,0.943988349,0.636622832,0.829933113,0.005080256,1,0.01016034,-0.209816425,0.014799171,0.301058097,0.171067919,0.522036585,0.257258909,-2.270802101,0,-2.446428814,0.355692562,0.471741764,0.524633994,0.419567277,0.414353226,0.41276969,0.689703876,0.494344213,0.559297385,0.483191967,0.656134231,0.513860867,0.802559789,0.816198102,0.505092426,1.030585862,-0.589881397,0.031371339,0.573844053,0.407724646,1.259883,0.623250485,-0.3222251,-0.004931095,-0.621600777,0.542511107,-3.460880401,0,-3.048282319,1.236904563,0,-0.436811045,0.556783162,0.975046129,0.567587035,0.684854292,0.212207611,0.535296544,0.748093748,0.996081487,0.536457654,0.589389312,8.79E-04,1,0.003187558,0.219979189,1,0.663343777,FALSE,FALSE,FALSE,FALSE,FALSE,FALSE,FALSE,FALSE,FALSE,FALSE,TRUE,FALSE,TRUE,FALSE,FALSE,FALSE,TRUE,FALSE,TRUE,FALSE,FALSE,FALSE,TRUE,TRUE,FALSE,FALSE,TRUE,FALSE,TRUE,TRUE,TRUE,TRUE,NA,NA
Christensenellaceae_R-7_group,0.117525406,0.982826174,0.996640842,0.712207042,0.854266147,0.391489279,0.760506039,0.684227293,0.49878118,-1.566386845,-0.222433546,0.453183808,0.844943695,0.552893211,0.921531283,0.516865884,0.743629282,0.847079833,0.740703792,0.57120348,0.919412933,0.821942758,0.848696232,0.667282769,0.741862922,0.719467971,0.814262171,0.452920771,1.051526238,1.048070564,0.826666142,0.962570928,0.924622968,0.503038155,-2.114727724,-0.389412098,0.492905627,1.027983624,0.651461843,1.38102065,0.361308531,-0.66972999,0.112059772,0,0.491538742,0.709522151,1.024693997,0.638806471,0.530834286,0,0.042091193,0.699473077,0.625343273,0.311433835,0.519259815,0.176553989,0.720171841,0.507689376,0.911454881,1,0.626299091,0.482983972,0.31296074,0.527358063,0.599088314,1,FALSE,FALSE,FALSE,FALSE,FALSE,FALSE,FALSE,FALSE,FALSE,FALSE,FALSE,FALSE,FALSE,FALSE,FALSE,FALSE,FALSE,TRUE,TRUE,TRUE,TRUE,TRUE,TRUE,TRUE,TRUE,TRUE,TRUE,TRUE,TRUE,TRUE,TRUE,TRUE,NA,NA
Robinsoniella,0.703814642,0.982826174,0.996640842,0.003975599,0.041503232,0.068114596,0.016073605,0.722545719,1,0.334090052,-0.877192612,0.814660922,-2.790749752,-2.144213131,-2.310234751,2.531195427,0.559233212,0.17979593,0.520177224,0.801329963,0.702283716,0.676143912,0.738819096,0.860867916,1.10929447,0.89689459,1.13068951,1.150593329,0.849247257,0.89698102,1.004681672,1.207910215,1.341193826,1.404535851,0.642261976,-1.094670925,1.160016819,-4.127449354,-2.902216717,-2.683611165,-0.157706554,1.860579158,1.050464704,1.487907733,2.980516459,0.623461589,0.178958107,-1.189080816,-0.584703741,-0.14213798,0.52441091,0.280286615,0.252720941,1.56E-04,0.005696522,0.009854512,0.875438824,0.069709297,0.299164303,0.143471153,0.004727531,0.536279242,0.858743084,0.241268748,0.561853338,0.887612292,FALSE,FALSE,FALSE,TRUE,TRUE,FALSE,FALSE,FALSE,FALSE,FALSE,TRUE,FALSE,FALSE,FALSE,FALSE,FALSE,TRUE,TRUE,TRUE,TRUE,TRUE,FALSE,TRUE,TRUE,TRUE,TRUE,FALSE,TRUE,TRUE,TRUE,TRUE,TRUE,NA,NA
Turicibacter,0.122436358,0.982826174,1,0.298838029,0.840098819,0.829933113,0.262439906,0.400625385,0.093555284,-1.222402993,0.558620299,0.0085647,1.39445099,0.51798436,0.363557462,1.448139962,1.293639464,2.043113506,0.625058908,0.906610678,0.869678173,0.729665984,0.745138657,0.727906613,1.264123588,1.010441332,1.083886261,0.992428092,1.023021437,1.031197162,1.003746664,1.440936,1.421217281,1.39190019,-1.955660464,0.616163379,0.009848126,1.911081262,0.695151641,0.499456187,-0.343793612,-0.245962111,0.345341501,-0.541558863,1.415551923,1.254502544,2.03548722,-1.002219089,-0.936896103,-0.764290303,0.052815684,0.538946953,0.992158718,0.058403001,0.488303304,0.618381535,0.731599651,0.806132882,0.730441129,0.58913638,0.159522296,0.212095792,0.044026016,0.318266693,0.350696076,0.44620927,FALSE,FALSE,FALSE,FALSE,FALSE,FALSE,FALSE,FALSE,FALSE,FALSE,FALSE,FALSE,FALSE,FALSE,FALSE,FALSE,TRUE,TRUE,TRUE,TRUE,TRUE,TRUE,TRUE,TRUE,TRUE,TRUE,TRUE,TRUE,TRUE,TRUE,TRUE,TRUE,NA,NA
Eggerthella,0.0022055,0.982826174,0.996640842,0.463217973,0.041503232,0.089027134,0.199194639,0.481263465,0.298957281,-1.27428937,-0.226492277,0.223902344,0.612722858,1.178458466,1.002758122,0.955553912,0.572950593,0.781309841,0.32489078,0.453338704,0.443780978,0.418092181,0.417767635,0.416184921,0.635103598,0.520209738,0.588597779,0.513249711,0.579231582,0.563679306,0.558225095,0.759686974,0.697488409,0.695497079,-3.922208471,-0.499609399,0.504533441,1.465520968,2.820846724,2.409405219,0.236259374,0.9618788,0.783822251,0.551003902,1.649692354,1.016447805,1.399632242,-0.603522635,-0.874735217,-0.340964494,1.30E-04,0.618034154,0.614577996,0.145323286,0.005583558,0.017456301,0.813532477,0.3380123,0.434662922,0.582638246,0.101550208,0.311405771,0.164133409,0.547274675,0.383426273,0.733713209,TRUE,FALSE,FALSE,FALSE,TRUE,FALSE,FALSE,FALSE,FALSE,FALSE,FALSE,FALSE,FALSE,FALSE,FALSE,FALSE,TRUE,TRUE,TRUE,FALSE,TRUE,FALSE,TRUE,TRUE,TRUE,TRUE,FALSE,TRUE,TRUE,TRUE,TRUE,TRUE,NA,NA
Lachnospiraceae_UCG-004,0.133486586,0.982826174,1,0.727934995,0.859695011,0.870316151,0.034979617,0.296669219,0.069453211,-0.716137464,-0.314964333,-0.224007422,-0.334249471,0.229977197,0.158217699,1.682543705,0.908163478,1.366700329,0.384540633,0.664677743,0.564809686,0.447051326,0.436145141,0.434567761,0.954552448,0.67231256,0.733293661,0.655421167,0.646672782,0.624140891,0.618743271,0.992907543,0.939817164,0.933243157,-1.862319354,-0.473860206,-0.396606905,-0.747675829,0.527295104,0.364080618,0.154528412,0.512030499,0.249113551,0.972421749,2.601847105,1.455061656,2.208832633,-0.685803375,0.122270091,-0.368242561,0.065434601,0.636662925,0.692501608,0.456743526,0.599406402,0.716730948,0.877516913,0.609972802,0.803881544,0.333592698,0.010973998,0.149447764,0.029960209,0.49471896,0.902976291,0.713609252,FALSE,FALSE,FALSE,FALSE,FALSE,FALSE,FALSE,FALSE,FALSE,FALSE,TRUE,FALSE,FALSE,FALSE,FALSE,FALSE,FALSE,TRUE,TRUE,FALSE,FALSE,FALSE,TRUE,TRUE,TRUE,TRUE,TRUE,TRUE,TRUE,TRUE,TRUE,TRUE,NA,NA
[Clostridium]_innocuum_group,0.938821083,0.982826174,0.996640842,0.431320608,0.279265919,0.384243991,0.355758646,1,0.687206154,0.108655875,-0.190828322,0.546914094,-0.759859966,-0.911430393,-0.722891874,0.802380894,0.14944064,-0.425979737,0.450682818,0.643366821,0.606659174,0.493531479,0.489868058,0.488311392,0.88884014,0.667134752,0.695081451,0.639015908,0.667810643,0.65531241,0.647351826,0.931704033,0.861471196,0.870171541,0.241091674,-0.296608895,0.901517883,-1.539638296,-1.86056302,-1.480391172,-0.323143718,0.68874009,0.408569032,-0.231113496,1.201509593,0.22804488,-0.658034349,-1.105880676,0.025166866,0.855785446,0.809963287,0.767395452,0.369536467,0.126859002,0.065709628,0.141875768,0.747271352,0.492549064,0.683728039,0.817697994,0.232432887,0.820074745,0.512035958,0.271399777,0.979971826,0.394163395,FALSE,FALSE,FALSE,FALSE,FALSE,FALSE,FALSE,FALSE,FALSE,FALSE,FALSE,FALSE,FALSE,FALSE,FALSE,FALSE,TRUE,TRUE,TRUE,TRUE,TRUE,TRUE,TRUE,TRUE,TRUE,TRUE,TRUE,TRUE,TRUE,TRUE,TRUE,TRUE,NA,NA
Anaerostipes,0.332683751,0.982826174,0.996640842,0.418684715,0.074518419,0.156789015,0.494666859,0.51719945,0.251570723,0.519441952,-0.452243239,0.613046475,-0.806874716,-1.231476682,-1.057020405,-0.614368976,-0.634025824,-1.014859806,0.42233224,0.622082975,0.554800059,0.505144206,0.499064584,0.513652693,0.831918124,0.673942709,0.730432485,0.746555202,0.678626865,0.666495039,0.668348134,0.965745782,0.898086064,0.967610553,1.229936773,-0.726982183,1.10498632,-1.597315591,-2.467569772,-2.05785041,-0.472605747,0.773332024,0.982103808,1.429317139,-0.905311899,-0.951283635,-1.518459846,0.028693527,0.182695987,-0.030316609,0.221789167,0.469039669,0.272102163,0.114933059,0.0160726,0.043040122,0.637620804,0.441836966,0.329451528,0.157227385,0.368575306,0.344799634,0.1331845,0.977189004,0.855550736,0.975897502,FALSE,FALSE,FALSE,FALSE,FALSE,FALSE,FALSE,FALSE,FALSE,FALSE,FALSE,FALSE,FALSE,FALSE,FALSE,FALSE,TRUE,TRUE,FALSE,TRUE,TRUE,TRUE,TRUE,TRUE,TRUE,TRUE,TRUE,TRUE,TRUE,TRUE,TRUE,TRUE,NA,NA
Clostridium_sensu_stricto_1,0.327461966,1,1,0.727934995,1,1,0.885901918,1,0.630024173,-1.078382406,-0.156607559,0.015867381,0.906637752,0.223675921,-0.153616507,0.473177315,0.263002338,1.626138524,0.854274788,1.509805439,1.194460432,1.1300267,1.344086384,1.695630426,2.041930463,2.00508042,2.337868026,2.500758707,1.568868292,1.968841223,2.052218772,2.732405862,3.022169824,3.139483367,-1.262336689,-0.10372698,0.013284141,0.802315337,0.16641484,-0.090595512,0.337540877,-0.503993505,1.15155593,1.197566632,0.301604231,0.133582299,0.792380689,0.365188236,-1.047930299,-0.566578635,0.211887154,0.917744098,0.989446745,0.426335928,0.868557416,0.928201417,0.736928106,0.616363587,0.254956874,0.236708501,0.764307537,0.894338615,0.432369531,0.716507391,0.299837964,0.573539289,FALSE,FALSE,FALSE,FALSE,FALSE,FALSE,FALSE,FALSE,FALSE,FALSE,FALSE,FALSE,FALSE,FALSE,FALSE,FALSE,TRUE,TRUE,TRUE,TRUE,TRUE,TRUE,TRUE,TRUE,TRUE,TRUE,TRUE,TRUE,TRUE,TRUE,TRUE,TRUE,NA,NA
Butyricicoccus,0.26065142,0.982826174,1,1,0.840098819,0.093481018,1,1,0.687206154,-0.628172273,1.239847712,-0.113276378,0.020878971,0.423080591,1.171179067,-0.097555439,-0.029731405,-0.48736964,0.430265301,0.643583783,0.642190809,0.502572705,0.505052687,0.496612818,0.906413162,0.670893733,0.734865147,0.658734941,0.772766573,0.73671378,0.726891082,1.071395225,0.945713556,0.93663385,-1.459964983,1.926474445,-0.176390531,0.041544179,0.837695951,2.358334347,-0.40152171,-1.009033923,-1.457121478,-2.033929648,-0.126241794,-0.040356792,-0.6704851,-0.421937893,0.138194518,0.14034488,0.148213552,0.057615184,0.860428903,0.966991712,0.405080002,0.021352946,0.689099032,0.316439325,0.149576109,0.045858067,0.899894733,0.967915696,0.50463545,0.67427195,0.890466245,0.888774673,FALSE,FALSE,FALSE,FALSE,FALSE,FALSE,FALSE,FALSE,FALSE,FALSE,FALSE,FALSE,FALSE,FALSE,FALSE,FALSE,FALSE,TRUE,TRUE,FALSE,FALSE,FALSE,TRUE,TRUE,TRUE,TRUE,TRUE,TRUE,TRUE,TRUE,TRUE,TRUE,NA,NA
Erysipelatoclostridiaceae,0.888698209,0.982826174,0.996640842,0.401965603,0.840098819,0.257060254,0.087887209,0.481263465,0.100026857,0.169080227,-0.963337045,-0.412005044,-0.920389849,-0.502746607,-1.029885977,1.544622264,0.885568569,1.466469798,0.432923195,0.585677589,0.570156498,0.55649992,0.732018586,0.582406683,0.795155985,0.698258244,0.962807486,0.783584968,0.723680767,0.860146708,0.733856985,0.962830146,1.082997992,0.991293576,0.39055479,-1.644824836,-0.722617466,-1.653890353,-0.686794867,-1.768327882,1.034483894,0.879999546,1.448726395,1.309787383,2.134397286,1.029555262,1.998304612,-0.345232334,-1.49769637,-1.237278602,0.697018203,0.103389737,0.471710518,0.10246182,0.494175776,0.080646354,0.303578167,0.381678031,0.15116122,0.193932472,0.036188851,0.306327981,0.049032773,0.730904002,0.13808732,0.219607041,FALSE,FALSE,FALSE,FALSE,FALSE,FALSE,FALSE,FALSE,FALSE,FALSE,FALSE,FALSE,FALSE,FALSE,FALSE,FALSE,TRUE,TRUE,TRUE,TRUE,TRUE,TRUE,TRUE,TRUE,TRUE,TRUE,FALSE,FALSE,FALSE,TRUE,TRUE,TRUE,NA,NA
Dysgonomonas,0.110685886,0.982826174,1,0.003975599,0.00118992,7.15E-04,1,0.296669219,0.523101961,1.419489978,-0.348359543,0.286283755,-2.750007699,-3.46677444,-3.042769593,0.071347708,1.492726822,0.866220141,0.649850731,1.339256693,0.921920242,0.615789176,0.732150815,0.655978465,1.736345537,2.129985143,1.273326808,1.333500326,0.867829474,1.017010383,0.912873271,2.398829246,1.655128265,1.730012941,2.184332355,-0.260114095,0.31052985,-4.465826628,-4.735055085,-4.638520552,-0.047135708,-0.555598357,0.176213854,-0.292400495,0.082213972,1.467759668,0.948894187,0.650451064,-0.726772855,-0.002028412,0.034667195,0.79596463,0.757649193,8.09E-05,3.61E-05,4.21E-05,0.96259739,0.581446307,0.861190019,0.771376576,0.934953965,0.151243131,0.348734641,0.518295008,0.472011294,0.998391101,FALSE,FALSE,FALSE,TRUE,TRUE,TRUE,FALSE,FALSE,FALSE,FALSE,FALSE,FALSE,FALSE,FALSE,FALSE,FALSE,FALSE,FALSE,TRUE,FALSE,TRUE,FALSE,TRUE,TRUE,TRUE,TRUE,TRUE,TRUE,TRUE,TRUE,TRUE,TRUE,NA,NA
