taxon,q_(Intercept),q_Treatment1,q_Diet1,q_Timepoint1,q_Timepoint2,q_Timepoint3,q_TreatDiet1,q_TreatTime1,q_TreatTime2,q_TreatTime3,q_DietTime1,q_DietTime2,q_DietTime3,q_TreatDietTime1,q_TreatDietTime2,q_TreatDietTime3,,lfc_(Intercept),lfc_Treatment1,lfc_Diet1,lfc_Timepoint1,lfc_Timepoint2,lfc_Timepoint3,lfc_TreatDiet1,lfc_TreatTime1,lfc_TreatTime2,lfc_TreatTime3,lfc_DietTime1,lfc_DietTime2,lfc_DietTime3,lfc_TreatDietTime1,lfc_TreatDietTime2,lfc_TreatDietTime3,,se_(Intercept),se_Treatment1,se_Diet1,se_Timepoint1,se_Timepoint2,se_Timepoint3,se_TreatDiet1,se_TreatTime1,se_TreatTime2,se_TreatTime3,se_DietTime1,se_DietTime2,se_DietTime3,se_TreatDietTime1,se_TreatDietTime2,se_TreatDietTime3,W_(Intercept),W_Treatment1,W_Diet1,W_Timepoint1,W_Timepoint2,W_Timepoint3,W_TreatDiet1,W_TreatTime1,W_TreatTime2,W_TreatTime3,W_DietTime1,W_DietTime2,W_DietTime3,W_TreatDietTime1,W_TreatDietTime2,W_TreatDietTime3,p_(Intercept),p_Treatment1,p_Diet1,p_Timepoint1,p_Timepoint2,p_Timepoint3,p_TreatDiet1,p_TreatTime1,p_TreatTime2,p_TreatTime3,p_DietTime1,p_DietTime2,p_DietTime3,p_TreatDietTime1,p_TreatDietTime2,p_TreatDietTime3,diff_(Intercept),diff_Treatment1,diff_Diet1,diff_Timepoint1,diff_Timepoint2,diff_Timepoint3,diff_TreatDiet1,diff_TreatTime1,diff_TreatTime2,diff_TreatTime3,diff_DietTime1,diff_DietTime2,diff_DietTime3,diff_TreatDietTime1,diff_TreatDietTime2,diff_TreatDietTime3,passed_ss_(Intercept),passed_ss_Treatment1,passed_ss_Diet1,passed_ss_Timepoint1,passed_ss_Timepoint2,passed_ss_Timepoint3,passed_ss_TreatDiet1,passed_ss_TreatTime1,passed_ss_TreatTime2,passed_ss_TreatTime3,passed_ss_DietTime1,passed_ss_DietTime2,passed_ss_DietTime3,passed_ss_TreatDietTime1,passed_ss_TreatDietTime2,passed_ss_TreatDietTime3
module_0,0.078660458,0.921971837,1,0.694198218,0.115160844,0.698652341,1,0.92860295,0.953710789,0.966267207,0.002465472,9.76E-05,0.000638974,1,1,1,,0.997857048,0.631487699,-0.421929245,0.655776766,1.370603712,0.573959778,0.309815984,-0.43948993,-0.631813018,-0.36915447,-3.305596646,-4.207596801,-3.711953663,-0.976235136,0.111918859,-1.196219367,,0.450122496,0.6487437,0.632957394,0.605637851,0.596896426,0.610694669,0.914066426,0.866970518,0.86553346,0.863877854,0.865984968,0.88334548,0.879135292,1.162392042,1.181112373,1.154691556,2.216856647,0.973400896,-0.666599757,1.082786957,2.296216987,0.939847369,0.338942527,-0.506926038,-0.72996949,-0.427322529,-3.817152453,-4.763251634,-4.222278068,-0.839850154,0.094757164,-1.035964419,0.028168867,0.331953442,0.506072901,0.281237549,0.023531026,0.349326171,0.735136805,0.613207141,0.466938718,0.669967991,0.000219822,5.63E-06,4.92E-05,0.402758898,0.924668827,0.302379575,FALSE,FALSE,FALSE,FALSE,FALSE,FALSE,FALSE,FALSE,FALSE,FALSE,TRUE,TRUE,TRUE,FALSE,FALSE,FALSE,FALSE,TRUE,TRUE,TRUE,FALSE,TRUE,TRUE,TRUE,TRUE,TRUE,TRUE,TRUE,TRUE,TRUE,TRUE,TRUE
module_1,0.076019885,1,1,0.242723175,1,0.124488272,1,0.989268295,0.953710789,0.966267207,0.006572848,0.942689,0.919651205,1,1,1,,0.730611827,-0.092839571,0.806797379,-0.729519839,0.041524434,-0.896138666,-0.230743602,-0.07074399,-0.200118661,-0.183647106,-1.792535595,-0.186742047,-0.151889247,0.286703995,0.22038942,0.190322649,,0.317876763,0.452014497,0.437239552,0.380362191,0.370629831,0.384941816,0.63375099,0.530573257,0.528606687,0.526883723,0.532220997,0.53262314,0.537988277,0.640693762,0.595093151,0.589038171,2.298412188,-0.205390694,1.845206765,-1.917960976,0.112037485,-2.327984722,-0.3640919,-0.133335009,-0.378577619,-0.348553386,-3.368028703,-0.350608213,-0.282328173,0.447489912,0.370344407,0.323107497,0.023353729,0.837631705,0.067592201,0.057434114,0.910976318,0.021546047,0.716461055,0.894146343,0.705654189,0.72802052,0.001011207,0.726482036,0.778166404,0.655308452,0.711762863,0.747162482,FALSE,FALSE,FALSE,FALSE,FALSE,FALSE,FALSE,FALSE,FALSE,FALSE,TRUE,FALSE,FALSE,FALSE,FALSE,FALSE,FALSE,TRUE,FALSE,FALSE,TRUE,FALSE,TRUE,TRUE,TRUE,TRUE,TRUE,TRUE,TRUE,TRUE,TRUE,TRUE
module_2,0.003421151,1,1,0.694198218,0.901128999,0.30339929,1,1,0.988367188,0.966267207,1.78E-06,0.007355455,0.009214758,1,1,1,,1.310332256,-0.031050904,0.503775703,-0.433029844,0.121456097,-0.729143875,-0.336737138,0.001413423,0.063286942,-0.25424608,-3.390281,-1.880568982,-1.857499219,0.35487545,0.344921886,0.717527146,,0.333078173,0.474541928,0.458621592,0.410630835,0.401005437,0.415377355,0.665128923,0.575558364,0.573690291,0.571959607,0.575438292,0.575841956,0.581227173,0.711200841,0.667942469,0.661946919,3.934008175,-0.065433426,1.09845614,-1.054547801,0.302878929,-1.755377047,-0.506273485,0.002455741,0.110315519,-0.444517544,-5.891649979,-3.265772774,-3.19582309,0.498980639,0.516394603,1.083964779,0.000131583,0.947923242,0.273910797,0.293699246,0.762493768,0.081684424,0.613469423,0.998044582,0.912338943,0.657449611,3.42E-08,0.001414511,0.001772069,0.618684273,0.606505994,0.280500607,TRUE,FALSE,FALSE,FALSE,FALSE,FALSE,FALSE,FALSE,FALSE,FALSE,TRUE,TRUE,TRUE,FALSE,FALSE,FALSE,TRUE,TRUE,FALSE,TRUE,TRUE,FALSE,TRUE,TRUE,TRUE,TRUE,TRUE,TRUE,TRUE,TRUE,TRUE,TRUE
module_3,0.032694393,1,1,1,0.115160844,1,1,0.951366856,0.953710789,1,0.022332411,9.01E-07,3.95E-07,1,1,1,,-0.824303427,0.082250191,0.078089587,0.013926487,0.824004424,-0.040106652,-0.19347586,-0.152590275,-0.524590346,-0.068734301,1.494065675,3.135556083,3.257942077,0.023135756,0.462114545,0.128449298,,0.300671735,0.426602544,0.413113897,0.371239238,0.361486075,0.375751388,0.598362665,0.517072233,0.515074154,0.513357403,0.519182274,0.519583164,0.524931778,0.619242238,0.572866493,0.566802935,-2.74153946,0.192802861,0.189026774,0.037513511,2.279491472,-0.106737202,-0.323342132,-0.29510437,-1.018475383,-0.133891711,2.877728596,6.034753051,6.206410461,0.037361398,0.806670579,0.226620735,0.006916122,0.84739358,0.850346378,0.970136384,0.024360948,0.915171363,0.746920015,0.768411691,0.310451212,0.893707032,0.004724164,1.73E-08,7.59E-09,0.970257421,0.42141331,0.82109486,TRUE,FALSE,FALSE,FALSE,FALSE,FALSE,FALSE,FALSE,FALSE,FALSE,TRUE,TRUE,TRUE,FALSE,FALSE,FALSE,TRUE,TRUE,TRUE,TRUE,FALSE,TRUE,TRUE,TRUE,TRUE,TRUE,TRUE,TRUE,TRUE,TRUE,TRUE,TRUE
module_4,0.021296364,1,1,0.937784407,0.059832218,0.974355032,1,0.9999102,1,0.966267207,0.931195121,0.003210579,6.71E-05,1,1,1,,-1.111845694,-0.0565016,0.500318853,0.266819757,1.315277387,0.130579914,-0.261397867,0.065378473,0.021811812,0.226996893,0.291535571,2.491051644,3.335133379,0.466101241,0.371463555,0.028663316,,0.372291198,0.532821776,0.513940974,0.47720777,0.467892708,0.482148191,0.750888257,0.674959802,0.673274058,0.671559281,0.670313174,0.670713339,0.67605228,0.866865677,0.827723964,0.821908083,-2.986494715,-0.106042213,0.973494775,0.559127017,2.811066225,0.270829418,-0.348118198,0.096862765,0.032396633,0.338014676,0.434924424,3.714033251,4.933247733,0.537685657,0.448777094,0.034874114,0.003276364,0.915684618,0.33180924,0.577098096,0.005753098,0.786979064,0.7282175,0.92299403,0.974208592,0.735932011,0.66438425,0.00030871,2.58E-06,0.591766982,0.654383248,0.972236736,TRUE,FALSE,FALSE,FALSE,FALSE,FALSE,FALSE,FALSE,FALSE,FALSE,FALSE,TRUE,TRUE,FALSE,FALSE,FALSE,TRUE,TRUE,TRUE,TRUE,FALSE,TRUE,TRUE,TRUE,TRUE,TRUE,TRUE,TRUE,TRUE,TRUE,TRUE,TRUE
module_5,0.008951763,0.921971837,1,0.00404744,0.014704873,0.0004074,1,0.92860295,0.953710789,0.699440833,0.783411773,0.892257828,0.647981636,1,1,1,,2.23146742,-1.747442176,0.244211268,-2.738975692,-2.506160028,-3.318093017,1.228577589,0.565337736,0.995328818,2.025740337,-0.645749713,0.542097965,0.75152954,-0.483777273,-1.088973784,-2.031440232,,0.632245261,0.954610017,0.860888027,0.655040309,0.72059661,0.718856757,1.366413634,1.09296557,1.139267196,1.099343569,0.911107735,1.041572511,0.959876542,1.437995766,1.501116135,1.453931168,3.529433211,-1.830529897,0.283673672,-4.181384954,-3.477895944,-4.615791649,0.899125681,0.517251185,0.87365705,1.842681755,-0.708752311,0.520461091,0.78294396,-0.336424686,-0.725442729,-1.39720523,0.000688597,0.070762641,0.777424258,7.78E-05,0.000848358,1.57E-05,0.370980184,0.606307084,0.38502089,0.0691071,0.480709502,0.604272755,0.436141486,0.737414675,0.470356866,0.166250616,TRUE,FALSE,FALSE,TRUE,TRUE,TRUE,FALSE,FALSE,FALSE,FALSE,FALSE,FALSE,FALSE,FALSE,FALSE,FALSE,TRUE,FALSE,TRUE,FALSE,TRUE,TRUE,TRUE,TRUE,TRUE,TRUE,TRUE,TRUE,TRUE,TRUE,FALSE,TRUE
module_6,0.312046339,1,1,1,0.901128999,0.94730081,1,0.92860295,0.953710789,1,0.544194386,0.000482443,0.001716328,1,1,1,,-0.729762035,-0.046110835,-0.812531774,0.083897455,0.186408979,-0.220776042,0.888876779,-0.783584876,-0.32249875,-0.04422657,1.04301907,4.067777675,3.612427653,0.534028477,-0.475092299,-0.500142926,,0.500542504,0.789165432,0.785498091,0.646997186,0.571888443,0.594657015,1.142332212,0.959575542,0.901931031,0.874098322,0.938861586,0.893936294,0.904761843,1.258193947,1.179121581,1.156980488,-1.457942191,-0.058429871,-1.034415976,0.129672056,0.325953394,-0.371266187,0.778124586,-0.816595298,-0.357564757,-0.050596791,1.110940192,4.550411147,3.99268347,0.424440508,-0.402920536,-0.432282939,0.150022278,0.953568832,0.304458003,0.897352391,0.745822255,0.712111853,0.439024881,0.418109882,0.722165087,0.959853613,0.272097193,3.71E-05,0.000231044,0.673151145,0.688783426,0.66750964,FALSE,FALSE,FALSE,FALSE,FALSE,FALSE,FALSE,FALSE,FALSE,FALSE,FALSE,TRUE,TRUE,FALSE,FALSE,FALSE,TRUE,TRUE,TRUE,TRUE,TRUE,TRUE,TRUE,TRUE,TRUE,TRUE,TRUE,FALSE,FALSE,TRUE,TRUE,TRUE
module_7,0.076019885,0.921971837,1,0.952508241,0.007190829,0.319051734,1,0.951366856,0.953710789,0.985960621,0.936281996,0.080278715,0.06617547,1,1,1,,-0.782645727,0.57942685,0.214238306,0.186240375,1.528994607,0.712580197,-0.619090718,-0.200393227,-0.963726099,-0.12119244,-0.195355332,1.265732359,1.358572165,0.373999425,1.123594846,0.181957551,,0.344258036,0.487070439,0.490509039,0.421196861,0.407307637,0.421679257,0.69685473,0.584438352,0.579638018,0.577907351,0.6025098,0.599957931,0.605339327,0.737101256,0.692274308,0.686304291,-2.27342762,1.189616129,0.436767296,0.442169429,3.753906058,1.689863054,-0.88840714,-0.34288172,-1.662634384,-0.209709117,-0.324235941,2.109701855,2.244315057,0.507392196,1.623048598,0.26512664,0.024679839,0.236473435,0.662979095,0.659199467,0.00027657,0.093808389,0.375965579,0.732323611,0.099172062,0.834274372,0.746344782,0.037051715,0.026724709,0.612858753,0.107346617,0.791391651,FALSE,FALSE,FALSE,FALSE,TRUE,FALSE,FALSE,FALSE,FALSE,FALSE,FALSE,FALSE,FALSE,FALSE,FALSE,FALSE,FALSE,TRUE,FALSE,TRUE,TRUE,TRUE,TRUE,TRUE,TRUE,TRUE,TRUE,FALSE,FALSE,TRUE,TRUE,TRUE
module_8,0.920090309,1,1,1,0.083852786,0.887992909,1,0.92860295,0.953710789,0.966267207,0.352511837,0.062252283,0.119446608,1,1,1,,0.159132339,0.426433056,0.28954427,0.034412067,1.584695027,0.381296535,-0.320424966,-0.446617484,-1.386415759,0.255263061,-1.295465866,-2.051988098,-1.749829735,0.218460627,0.934549045,-0.580424243,,0.521517349,0.70386696,0.725537924,0.608776643,0.600047692,0.613834456,0.980928985,0.831948551,0.830473829,0.834351481,0.860651464,0.894583171,0.901900034,1.091726745,1.12027849,1.108866704,0.305133356,0.605843263,0.399075307,0.056526589,2.640948459,0.621171607,-0.326654601,-0.536833057,-1.669427392,0.305941881,-1.505215433,-2.293792421,-1.940159297,0.200105593,0.834211362,-0.523439148,0.760843909,0.545869146,0.690612622,0.955041755,0.009675321,0.535983391,0.744550156,0.592695329,0.09847552,0.760358223,0.135581476,0.023943186,0.055129204,0.841840724,0.406221123,0.60186209,FALSE,FALSE,FALSE,FALSE,FALSE,FALSE,FALSE,FALSE,FALSE,FALSE,FALSE,FALSE,FALSE,FALSE,FALSE,FALSE,FALSE,TRUE,TRUE,FALSE,FALSE,FALSE,TRUE,TRUE,TRUE,TRUE,TRUE,FALSE,FALSE,TRUE,TRUE,TRUE
module_9,0.143342343,0.921971837,1,1,0.14802873,1,1,0.92860295,0.965553804,1,0.936281996,0.039978872,0.017978613,1,1,1,,-0.908631255,0.887605191,0.090553022,-0.082218252,0.938928392,0.050986912,0.04937297,0.512935893,0.105226792,0.09835676,0.21188075,1.663811427,1.916121698,-0.831809429,-0.59282849,-0.618761221,,0.476887186,0.672623588,0.661305489,0.46972027,0.457486859,0.464354635,0.945492696,0.637754163,0.633953748,0.626974275,0.660961495,0.652831111,0.65947811,0.809982337,0.76267142,0.757813761,-1.905337952,1.319616508,0.136930697,-0.175036628,2.052361447,0.109801666,0.052219303,0.804284665,0.165984967,0.156875273,0.320564438,2.548609279,2.905512204,-1.026947615,-0.777305238,-0.816508295,0.060644838,0.191531857,0.891488319,0.861400829,0.042700595,0.912785609,0.958520611,0.423138902,0.868502505,0.875660326,0.74919312,0.012301191,0.004494653,0.306904325,0.438803007,0.41613899,FALSE,FALSE,FALSE,FALSE,FALSE,FALSE,FALSE,FALSE,FALSE,FALSE,FALSE,TRUE,TRUE,FALSE,FALSE,FALSE,FALSE,TRUE,TRUE,TRUE,FALSE,TRUE,TRUE,TRUE,TRUE,TRUE,TRUE,FALSE,FALSE,TRUE,TRUE,TRUE
module_10,0.174393135,0.921971837,1,0.035673156,0.871363061,0.251157918,1,0.92860295,0.953710789,0.966267207,0.570567828,0.005151808,0.0175095,1,1,1,,0.636104829,-0.738405073,-0.294177909,-1.296914741,-0.181394726,-0.869790613,0.705288222,0.421502833,-0.152725564,0.716974696,0.62497237,2.099051934,1.803120255,-0.52426693,0.194547213,-0.636023355,,0.357037169,0.510130937,0.492401037,0.434534901,0.42501566,0.439370983,0.718222205,0.611205866,0.609408524,0.607680287,0.609527967,0.609931066,0.615308814,0.769410924,0.727848921,0.721918448,1.781620749,-1.44748146,-0.5974356,-2.984604313,-0.426795393,-1.979626888,0.981991669,0.689624981,-0.25061278,1.179855117,1.025338301,3.441457652,2.930431375,-0.681387427,0.267290652,-0.881018288,0.077135425,0.150158549,0.551251137,0.003430111,0.670279277,0.049993036,0.327895469,0.491737452,0.802534344,0.240349418,0.307228831,0.000792586,0.004040654,0.49691128,0.789694437,0.380031571,FALSE,FALSE,FALSE,TRUE,FALSE,FALSE,FALSE,FALSE,FALSE,FALSE,FALSE,TRUE,TRUE,FALSE,FALSE,FALSE,FALSE,FALSE,TRUE,TRUE,TRUE,FALSE,TRUE,TRUE,TRUE,TRUE,TRUE,TRUE,TRUE,TRUE,TRUE,TRUE
module_11,0.000331178,0.921971837,1,0.0204467,0.529415235,0.008903819,1,0.92860295,0.953710789,0.699440833,0.002697262,0.06531199,0.002721167,1,1,1,,1.616894634,-0.458798648,-0.156316429,-1.491457229,-0.497454628,-1.541031344,1.55E-05,0.302259916,0.152238624,1.184337173,-2.367532051,-2.074863688,-3.431526764,-0.007819024,0.154851754,0,,0.342057947,0.487871188,0.475666745,0.442236687,0.432753557,0.447096054,0.686714766,0.622704409,0.620928553,0.619202083,0.627281924,0.929720068,0.94326572,0.795530371,1.09834431,0.553893196,4.726961172,-0.940409392,-0.328625935,-3.37253166,-1.149510202,-3.44675675,2.25E-05,0.485398709,0.245178972,1.9126828,-3.774271122,-2.231707973,-3.637921629,-0.009828693,0.140986531,0,6.37E-06,0.348932509,0.743021588,0.001179617,0.253990371,0.000932247,0.999982069,0.62880548,0.806986052,0.05959856,0.000311223,0.027631996,0.000418641,0.992183029,0.888141926,1,TRUE,FALSE,FALSE,TRUE,FALSE,TRUE,FALSE,FALSE,FALSE,FALSE,TRUE,FALSE,TRUE,FALSE,FALSE,FALSE,TRUE,TRUE,TRUE,TRUE,TRUE,TRUE,TRUE,TRUE,TRUE,TRUE,TRUE,FALSE,TRUE,TRUE,TRUE,TRUE
module_12,0.0516847,1,1,0.177256094,0.032782925,9.10E-05,1,0.92860295,0.965553804,0.966267207,0.544194386,0.065176314,0.037861059,0.937013074,1,1,,1.214006591,0.053997107,0.7028387,-1.177009346,-1.632410854,-2.728757739,-0.861536984,-0.774088088,-0.12278812,-0.645450499,-0.84732827,1.703623159,1.936731644,1.449854209,0.564181978,1.000966261,,0.484981447,0.70067975,0.673397968,0.538331362,0.52930356,0.543350579,0.980371078,0.766355629,0.764802044,0.763114558,0.75725983,0.757654027,0.762913897,0.999444883,0.962930398,0.957260017,2.503202131,0.07706389,1.043719662,-2.186403075,-3.084073068,-5.022094106,-0.878786618,-1.01008991,-0.160548891,-0.845810754,-1.118939942,2.248550259,2.538597934,1.450659494,0.585901099,1.045657652,0.013915111,0.938725601,0.299113762,0.030678939,0.002521763,1.75E-06,0.381608708,0.314435135,0.872712092,0.399300754,0.265346192,0.026321204,0.012377654,0.149420141,0.559015539,0.297769709,FALSE,FALSE,FALSE,FALSE,TRUE,TRUE,FALSE,FALSE,FALSE,FALSE,FALSE,FALSE,TRUE,FALSE,FALSE,FALSE,FALSE,TRUE,TRUE,FALSE,TRUE,TRUE,TRUE,TRUE,TRUE,TRUE,TRUE,FALSE,TRUE,TRUE,TRUE,TRUE
module_13,0.128642677,1,1,0.850696543,1,0.121756118,1,0.92860295,0.953710789,0.966267207,0.020257838,0.938212494,0.837996301,0.937013074,1,1,,0.892913412,0.169771299,0.622541006,-0.391865508,-0.032171322,-1.303210074,-1.181119999,-0.529096118,-0.974569943,0.423727961,-2.483578866,-0.376181218,0.445782387,1.794477813,0.532577588,-1.954277621,,0.45298267,0.63595229,0.661491409,0.544510959,0.5300686,0.539560314,0.913480732,0.769201715,0.763940763,0.739738033,0.83389236,0.925960971,0.92852203,1.061538826,1.23876995,1.220341584,1.971186693,0.266956031,0.941117296,-0.719665052,-0.060692752,-2.415318622,-1.29298841,-0.687850933,-1.275714021,0.572808133,-2.978296701,-0.406260339,0.48009888,1.690449533,0.42992453,-1.601418527,0.05195185,0.790166581,0.34932171,0.474426918,0.95179193,0.01873171,0.199618546,0.494081786,0.206685368,0.568894227,0.003895738,0.685616822,0.632454215,0.095302679,0.668410344,0.113256374,FALSE,FALSE,FALSE,FALSE,FALSE,FALSE,FALSE,FALSE,FALSE,FALSE,TRUE,FALSE,FALSE,FALSE,FALSE,FALSE,TRUE,TRUE,TRUE,TRUE,TRUE,TRUE,TRUE,TRUE,TRUE,TRUE,FALSE,TRUE,TRUE,TRUE,TRUE,TRUE
module_14,0.803655946,0.921971837,1,1,0.240541617,0.887992909,1,0.92860295,0.953710789,0.780824859,0.097241172,0.9688757,0.654338435,0.937013074,1,1,,0.29497619,-0.627317276,-0.215824419,0.005532726,0.994944017,0.400698242,1.306484082,0.940010721,0.655026847,1.221465461,-1.765445549,-0.22565961,-0.618249684,-1.562057468,-1.615923873,-1.789369462,,0.520427771,0.67865581,0.724703724,0.580219568,0.56857945,0.582481764,0.97885335,0.758323306,0.754659769,0.752969082,0.819326653,0.815382816,0.820586069,1.018007992,0.978369247,0.97501345,0.566795638,-0.924352621,-0.297810556,0.009535573,1.74987685,0.687915514,1.3347087,1.239590968,0.86797637,1.622198694,-2.154751762,-0.276752963,-0.753424543,-1.534425545,-1.651650313,-1.835225413,0.571832115,0.357034224,0.766323462,0.992411363,0.083264406,0.493128302,0.184320179,0.218184361,0.387585641,0.108061439,0.033660406,0.78255345,0.453003532,0.128235107,0.101875417,0.069582415,FALSE,FALSE,FALSE,FALSE,FALSE,FALSE,FALSE,FALSE,FALSE,FALSE,FALSE,FALSE,FALSE,FALSE,FALSE,FALSE,FALSE,FALSE,TRUE,FALSE,FALSE,FALSE,TRUE,TRUE,TRUE,TRUE,FALSE,TRUE,TRUE,TRUE,TRUE,TRUE
module_15,0.801918165,1,1,0.459881798,0.901128999,0.599856572,1,0.92860295,0.953710789,0.966267207,0.936281996,0.046041154,0.033761266,1,1,1,,-0.384130742,0.125460592,0.012673812,1.121798148,0.246478483,-0.859775533,0.291827673,-0.519014011,0.458587853,-0.304963605,-0.329629296,2.645794011,2.797125961,0.159449785,-1.473168262,-0.90050009,,0.635904945,0.925419787,0.887152671,0.758026036,0.765448486,0.763091948,1.293926126,1.094493733,1.103895375,1.091654974,1.069097055,1.091583293,1.074444124,1.47660199,1.461686402,1.440592761,-0.604069437,0.135571547,0.014285942,1.479893954,0.322005317,-1.126699784,0.22553658,-0.474204644,0.415426918,-0.279358966,-0.30832495,2.423813215,2.603323802,0.107984268,-1.007855214,-0.625089973,0.546876552,0.892374951,0.988624305,0.141502092,0.747998535,0.262100294,0.821924917,0.636209122,0.678561801,0.78044659,0.758365571,0.016822729,0.010388082,0.914187135,0.315525751,0.533089794,FALSE,FALSE,FALSE,FALSE,FALSE,FALSE,FALSE,FALSE,FALSE,FALSE,FALSE,TRUE,TRUE,FALSE,FALSE,FALSE,TRUE,TRUE,TRUE,TRUE,TRUE,TRUE,TRUE,TRUE,TRUE,TRUE,TRUE,TRUE,TRUE,TRUE,TRUE,TRUE
module_16,1,1,1,1,1,1,1,1,1,1,1,1,1,1,1,1,,NA,NA,NA,NA,NA,NA,NA,NA,NA,NA,NA,NA,NA,NA,NA,NA,,NA,NA,NA,NA,NA,NA,NA,NA,NA,NA,NA,NA,NA,NA,NA,NA,NA,NA,NA,NA,NA,NA,NA,NA,NA,NA,NA,NA,NA,NA,NA,NA,1,1,1,1,1,1,1,1,1,1,1,1,1,1,1,1,FALSE,FALSE,FALSE,FALSE,FALSE,FALSE,FALSE,FALSE,FALSE,FALSE,FALSE,FALSE,FALSE,FALSE,FALSE,FALSE,TRUE,TRUE,TRUE,FALSE,FALSE,FALSE,TRUE,TRUE,TRUE,TRUE,FALSE,FALSE,FALSE,TRUE,TRUE,TRUE
module_17,1,0.921971837,1,0.765273034,0.529415235,1,1,0.834974517,0.953710789,0.699440833,0.783411773,0.897699716,0.729301782,1,1,1,,0.038423384,-1.257051001,0.596386942,-0.587279214,0.681240977,-0.087952044,0.089605524,1.446754132,0.302212885,1.697682133,-0.683708076,0.436351479,0.582960914,-0.197647424,1.08371964,-0.358951512,,0.551099048,0.711714291,0.812146297,0.625472462,0.61680855,0.630534733,1.062181754,0.819106652,0.817617387,0.815946701,0.926496374,0.926878281,0.931974996,1.142449265,1.108144815,1.102609663,0.069721375,-1.766229816,0.734334374,-0.938936962,1.104460982,-0.139488024,0.084359878,1.766258556,0.369626294,2.080628712,-0.737950083,0.470775384,0.625511324,-0.173003239,0.977958499,-0.325547222,0.944521688,0.079669117,0.464059805,0.349863344,0.271853744,0.889324937,0.932898271,0.080286011,0.712412354,0.039924403,0.462140647,0.638747875,0.532951302,0.862979714,0.330327704,0.745410467,FALSE,FALSE,FALSE,FALSE,FALSE,FALSE,FALSE,FALSE,FALSE,FALSE,FALSE,FALSE,FALSE,FALSE,FALSE,FALSE,FALSE,FALSE,TRUE,FALSE,FALSE,FALSE,TRUE,TRUE,FALSE,TRUE,TRUE,TRUE,TRUE,TRUE,TRUE,TRUE
module_18,1,0.921971837,1,0.941205376,0.7683517,0.940057245,1,0.92860295,0.953710789,0.930744287,0.936281996,0.042397896,0.025253466,1,1,1,,-0.014290292,-0.846270398,-0.601831445,-0.343225669,0.418333815,-0.291293265,0.841448083,0.997670517,0.471957256,1.110604862,-0.167303473,2.121710082,2.356670908,-0.699621649,0.033593854,-0.97266254,,0.508309627,0.681085905,0.705783078,0.647766321,0.600658716,0.620361652,0.998990069,0.854998821,0.818025105,0.820691988,0.882561581,0.855085942,0.861043527,1.142282612,1.081616947,1.079748477,-0.028113361,-1.242531069,-0.852714472,-0.529860318,0.696458411,-0.469553952,0.842298746,1.16686771,0.576947154,1.353254178,-0.189565778,2.48128285,2.736993931,-0.612476844,0.03105892,-0.900823257,0.977614326,0.216270066,0.395364157,0.597303412,0.48760781,0.639620334,0.401147771,0.245977454,0.565241862,0.178989286,0.850019162,0.014676195,0.007284654,0.541588817,0.975283391,0.369822978,FALSE,FALSE,FALSE,FALSE,FALSE,FALSE,FALSE,FALSE,FALSE,FALSE,FALSE,TRUE,TRUE,FALSE,FALSE,FALSE,FALSE,TRUE,TRUE,TRUE,FALSE,FALSE,TRUE,TRUE,TRUE,TRUE,TRUE,FALSE,FALSE,TRUE,TRUE,TRUE
module_19,0.078660458,1,1,0.891725192,0.122000924,0.887992909,1,0.92860295,0.953710789,0.966267207,0.872807081,0.01060907,0.017181683,1,1,1,,-1.200713616,-0.074178049,-0.003673971,0.357585251,1.224362859,0.392975023,0.636030876,0.331559968,-0.22954185,0.207745144,0.476238369,2.63062688,2.485629881,-0.690600531,-0.487776092,-0.586763585,,0.539704296,0.74148361,0.808250936,0.568367098,0.544172965,0.552971316,1.094463957,0.77267999,0.755215021,0.737465672,0.833149178,0.823327364,0.8217306,1.040512968,0.993652738,0.973621958,-2.224762013,-0.100040039,-0.004545582,0.629144883,2.249951648,0.710660773,0.581134602,0.429103862,-0.303942378,0.281701442,0.571612362,3.195116543,3.024871997,-0.663711605,-0.490891912,-0.602660591,0.028741321,0.920566087,0.996384484,0.531605403,0.028154059,0.479988446,0.562777195,0.669370826,0.762218084,0.779124719,0.569732359,0.002244226,0.003634587,0.509418596,0.625304424,0.548978043,FALSE,FALSE,FALSE,FALSE,FALSE,FALSE,FALSE,FALSE,FALSE,FALSE,FALSE,TRUE,TRUE,FALSE,FALSE,FALSE,FALSE,TRUE,TRUE,TRUE,FALSE,FALSE,TRUE,TRUE,TRUE,TRUE,TRUE,FALSE,FALSE,TRUE,TRUE,TRUE
module_20,0.812555338,1,1,1,0.810616527,0.94730081,1,0.92860295,0.953710789,0.966267207,0.427314503,0.450760546,0.919651205,0.937013074,1,1,,0.271394765,-0.429980274,0.227704233,-0.161895032,0.325860445,-0.191249232,0.328119704,0.689611379,0.398495311,0.391256994,-1.052950099,0.892664807,0.24454265,-1.749252449,-1.310866394,-0.680029513,,0.50709121,0.660913608,0.710065069,0.556892868,0.536303036,0.548913234,0.94541699,0.732497409,0.721396285,0.706369224,0.793256821,0.785586928,0.774622408,0.969018424,0.940364363,0.909250364,0.535199112,-0.650584689,0.320680797,-0.290711269,0.607605073,-0.348414321,0.347063473,0.941452311,0.55239446,0.553898698,-1.327376042,1.136303031,0.315692713,-1.805179764,-1.393998376,-0.747901281,0.593790439,0.5168927,0.749163401,0.772204744,0.545667551,0.728692931,0.72931583,0.350031125,0.582669554,0.581630409,0.189004492,0.260054161,0.753266757,0.075671022,0.167960919,0.457130538,FALSE,FALSE,FALSE,FALSE,FALSE,FALSE,FALSE,FALSE,FALSE,FALSE,FALSE,FALSE,FALSE,FALSE,FALSE,FALSE,FALSE,TRUE,TRUE,FALSE,FALSE,FALSE,TRUE,TRUE,TRUE,TRUE,TRUE,TRUE,TRUE,TRUE,TRUE,TRUE
module_22,0.522602277,0.921971837,1,0.139020435,0.000478557,0.101407443,1,0.92860295,0.953710789,0.966267207,0.024153608,1,1,1,1,1,,-0.393841814,0.539151725,-0.347590276,1.12603789,2.144095765,1.194871494,0.166726215,-0.547056844,-0.722722082,-0.519140628,-1.821602562,-0.05659572,-0.001091778,0.124908137,-0.27312313,-0.240955061,,0.364401945,0.521083956,0.502798136,0.472575304,0.463237868,0.477506931,0.72997454,0.668034896,0.666337882,0.664621299,0.66371829,0.664118849,0.669462992,0.852597599,0.813130796,0.807298301,-1.080789551,1.034673431,-0.691311783,2.382769225,4.628498476,2.502312354,0.228400041,-0.818904592,-1.084618032,-0.78110742,-2.744541757,-0.085219265,-0.001630826,0.146503037,-0.33589077,-0.298470913,0.281401226,0.302367505,0.49036167,0.018714289,9.20E-06,0.013651002,0.819624054,0.414424657,0.280212212,0.436240132,0.006967387,0.932225632,0.998701432,0.883764138,0.737525523,0.76584741,FALSE,FALSE,FALSE,FALSE,TRUE,FALSE,FALSE,FALSE,FALSE,FALSE,TRUE,FALSE,FALSE,FALSE,FALSE,FALSE,TRUE,TRUE,TRUE,FALSE,TRUE,FALSE,TRUE,TRUE,TRUE,TRUE,TRUE,TRUE,TRUE,TRUE,TRUE,TRUE
module_23,0.021296364,0.921971837,1,0.013982447,0.112586416,0.005690915,1,0.92860295,0.953710789,0.966267207,0.783411773,0.942689,0.919651205,1,1,1,,1.359259822,-0.606862552,0.515756811,-1.617601873,-1.067613279,-1.686131364,0.018959627,-0.301594691,-0.431748429,0.302714995,-0.471592298,0.215025924,-0.197472657,0.33974207,0.444448279,0.218699151,,0.440286076,0.634088249,0.614327093,0.452761777,0.449956158,0.464260956,0.890390208,0.663945358,0.696782396,0.665528469,0.639873666,0.654796403,0.654797673,0.831014747,0.826460417,0.801061067,3.087219643,-0.957063237,0.83954756,-3.572743888,-2.372705121,-3.631861222,0.021293616,-0.454246252,-0.619631654,0.454849055,-0.737008449,0.328385927,-0.301578128,0.408827968,0.537773219,0.273011834,0.002864666,0.341725844,0.403839545,0.000537786,0.01948611,0.000437763,0.983069195,0.650575666,0.536801526,0.650137052,0.462778879,0.743274019,0.763572252,0.6834961,0.591853558,0.785374985,TRUE,FALSE,FALSE,TRUE,FALSE,TRUE,FALSE,FALSE,FALSE,FALSE,FALSE,FALSE,FALSE,FALSE,FALSE,FALSE,TRUE,TRUE,TRUE,FALSE,FALSE,TRUE,TRUE,TRUE,FALSE,TRUE,TRUE,TRUE,TRUE,TRUE,TRUE,TRUE
module_24,0.982855361,1,1,0.952508241,0.871363061,0.887992909,1,0.989268295,0.953710789,0.966267207,0.936281996,0.632660454,0.535860002,1,1,1,,-0.150945899,-0.197277297,0.005963986,-0.493447205,0.469008895,-0.592279635,0.026509553,0.306846671,-0.863546719,0.469942281,-0.333468184,1.362909915,1.468740506,-0.461843464,1.472797898,0,,0.907694203,1.274744134,1.486252057,1.10505321,1.046605376,1.056564139,1.178181859,1.546501532,1.610957265,1.506663886,1.637349278,1.595104157,1.413549341,1.399140665,1.396400528,0.553893196,-0.166295982,-0.154758349,0.004012769,-0.446537054,0.448123912,-0.560571396,0.022500392,0.198413428,-0.536045703,0.311909169,-0.203663439,0.854433178,1.039044385,-0.330090802,1.054710213,0,0.869448973,0.8784285,0.996831523,0.659428782,0.658376813,0.580610748,0.982235475,0.84449203,0.597050217,0.757975182,0.84035879,0.401496058,0.309150001,0.745023753,0.307650321,1,FALSE,FALSE,FALSE,FALSE,FALSE,FALSE,FALSE,FALSE,FALSE,FALSE,FALSE,FALSE,FALSE,FALSE,FALSE,FALSE,TRUE,TRUE,TRUE,TRUE,TRUE,TRUE,TRUE,TRUE,TRUE,TRUE,TRUE,TRUE,TRUE,TRUE,TRUE,TRUE
module_25,0.284044257,0.952287354,1,0.353891188,0.529415235,0.320801669,1,0.92860295,0.953710789,0.966267207,0.931195121,1,1,1,1,1,,2.164141208,-1.072365526,-0.836058901,-2.33358492,-1.604087463,-2.351022427,0.219832056,0.610057593,0.993713363,1.629801113,-0.492898517,0,0,0,0,0,,1.386391114,1.330922458,1.23360696,1.366624929,1.436907141,1.448907766,1.152659016,1.113398198,1.480742959,1.423432915,1.182998217,0.578247707,0.583632915,0.606795612,0.559958276,0.553893196,1.560988949,-0.805731032,-0.677735233,-1.707553309,-1.116347339,-1.622617038,0.190717336,0.547923999,0.67109106,1.144979223,-0.416651952,0,0,0,0,0,0.131097349,0.427995719,0.504164214,0.100110548,0.27488868,0.117215995,0.850287369,0.588603474,0.508316102,0.26306132,0.680488742,1,1,1,1,1,FALSE,FALSE,FALSE,FALSE,FALSE,FALSE,FALSE,FALSE,FALSE,FALSE,FALSE,FALSE,FALSE,FALSE,FALSE,FALSE,TRUE,TRUE,TRUE,TRUE,FALSE,FALSE,TRUE,TRUE,TRUE,TRUE,TRUE,FALSE,FALSE,TRUE,TRUE,TRUE
module_26,0.596793211,1,1,0.891725192,0.140536555,1,1,0.989268295,0.953710789,1,0.936281996,0.015830309,0.007750864,1,1,1,,-0.415004416,-0.107347115,-0.501902637,0.283962481,0.924788217,0.002025231,1.113402375,0.09246135,-0.265907151,-0.035976948,-0.13602129,1.852134694,2.089386922,-0.51552463,-0.612265797,-0.935251637,,0.445906341,0.627808965,0.614026202,0.448412759,0.438958968,0.451824067,0.875793368,0.620364679,0.616340373,0.613590469,0.629305345,0.626962386,0.632157654,0.77834988,0.733055083,0.726992952,-0.93069862,-0.170986909,-0.817396122,0.633261377,2.106775994,0.004482345,1.271307155,0.149043543,-0.431429066,-0.058633486,-0.216145137,2.954140049,3.305167485,-0.662330198,-0.835224816,-1.286465892,0.355780568,0.864841546,0.416848815,0.528121522,0.037836765,0.996432962,0.208714499,0.88184399,0.667154514,0.953367942,0.829349322,0.003957577,0.001341496,0.509405321,0.405714981,0.201444836,FALSE,FALSE,FALSE,FALSE,FALSE,FALSE,FALSE,FALSE,FALSE,FALSE,FALSE,TRUE,TRUE,FALSE,FALSE,FALSE,TRUE,TRUE,TRUE,TRUE,TRUE,TRUE,TRUE,TRUE,TRUE,TRUE,TRUE,FALSE,FALSE,TRUE,TRUE,TRUE
module_27,0.076019885,1,1,1,0.481224172,0.94730081,1,0.92860295,0.953710789,0.966267207,0.935717695,0.013116045,0.041850239,1,1,1,,-1.465793019,-0.180383019,0.284726834,0.135621548,0.779913649,0.248149404,-0.472073293,0.818072446,0.273981596,0.912562683,0.358820276,2.803537993,2.22839336,0.378235674,0.234524786,-0.192282985,,0.642233485,0.948831183,0.938175575,0.652656079,0.619386104,0.617540093,1.408284862,0.949303325,0.917646003,0.883524875,0.932542057,0.906004264,0.898660475,1.310282848,1.248164117,1.217621262,-2.282336648,-0.190110762,0.303489925,0.20779941,1.259172015,0.401835292,-0.335211508,0.861760857,0.298570032,1.032865864,0.384776508,3.094398234,2.479683287,0.288667195,0.187895793,-0.157916908,0.024852655,0.849648173,0.762214425,0.836088793,0.212849153,0.689279287,0.73821844,0.392295159,0.76630468,0.305900858,0.701788271,0.00302678,0.016096246,0.773858928,0.851611945,0.875071155,FALSE,FALSE,FALSE,FALSE,FALSE,FALSE,FALSE,FALSE,FALSE,FALSE,FALSE,TRUE,TRUE,FALSE,FALSE,FALSE,FALSE,TRUE,TRUE,TRUE,FALSE,TRUE,TRUE,TRUE,TRUE,TRUE,TRUE,FALSE,FALSE,TRUE,TRUE,TRUE
module_28,1,1,1,1,1,1,1,1,1,1,1,1,1,1,1,1,,NA,NA,NA,NA,NA,NA,NA,NA,NA,NA,NA,NA,NA,NA,NA,NA,,NA,NA,NA,NA,NA,NA,NA,NA,NA,NA,NA,NA,NA,NA,NA,NA,NA,NA,NA,NA,NA,NA,NA,NA,NA,NA,NA,NA,NA,NA,NA,NA,1,1,1,1,1,1,1,1,1,1,1,1,1,1,1,1,FALSE,FALSE,FALSE,FALSE,FALSE,FALSE,FALSE,FALSE,FALSE,FALSE,FALSE,FALSE,FALSE,FALSE,FALSE,FALSE,FALSE,FALSE,TRUE,TRUE,TRUE,TRUE,TRUE,TRUE,FALSE,FALSE,FALSE,FALSE,FALSE,TRUE,TRUE,TRUE
module_29,0.71150329,0.921971837,1,0.768861326,0.107741583,0.319051734,1,0.92860295,0.953710789,0.699440833,0.024153608,0.018560321,0.041850239,0.937013074,1,1,,-0.767134802,2.067773371,2.253386246,0.928494289,2.734032852,1.81828547,-3.189705151,-2.847780219,-3.708060116,-3.339418087,-5.322617292,-6.825144359,-5.617733128,5.79540068,0,0,,1.040848611,1.806737007,1.575040443,1.073917737,1.066389218,1.078924231,2.332421093,1.905289142,1.895609875,1.837248766,1.878123771,2.298454374,2.213333649,3.031007384,0.559958276,0.553893196,-0.737028223,1.144479447,1.430684689,0.864586045,2.563822671,1.685276332,-1.367551151,-1.494670891,-1.956130407,-1.817618903,-2.834007734,-2.969449573,-2.538132076,1.912037796,0,0,0.465213689,0.258777791,0.159737217,0.395283635,0.016575628,0.104070834,0.17816725,0.143939483,0.058363124,0.078262268,0.006898873,0.004997009,0.014595827,0.062397983,1,1,FALSE,FALSE,FALSE,FALSE,FALSE,FALSE,FALSE,FALSE,FALSE,FALSE,TRUE,TRUE,TRUE,FALSE,FALSE,FALSE,TRUE,TRUE,TRUE,FALSE,FALSE,FALSE,TRUE,TRUE,TRUE,TRUE,TRUE,TRUE,TRUE,TRUE,TRUE,TRUE
module_30,0.0516847,0.921971837,1,1,0.369764399,0.008903819,1,0.92860295,0.953710789,0.966267207,0.024153608,0.989657393,1,1,1,1,,1.130579833,-0.901146099,0.984619437,-0.234530786,-1.086375424,-2.366083757,-0.293569113,-0.454624762,0.383166653,0.878433806,-3.058951834,-0.283681026,-0.09390404,1.311493319,0,0,,0.440705307,0.661258327,0.610708431,0.761390411,0.753180242,0.671726988,0.919791694,1.157573653,1.083211513,0.977486751,1.073867363,1.347631838,1.302813174,1.723852036,0.559958276,0.553893196,2.565387383,-1.362774671,1.61225781,-0.308029603,-1.44238439,-3.522389005,-0.319169128,-0.392739383,0.353732072,0.898665691,-2.848537854,-0.210503357,-0.072077902,0.760792279,0,0,0.013876658,0.180048249,0.114222391,0.759547021,0.156438784,0.001027364,0.75114366,0.696452212,0.725268252,0.373835595,0.006712357,0.834269178,0.942874131,0.450933116,1,1,FALSE,FALSE,FALSE,FALSE,FALSE,TRUE,FALSE,FALSE,FALSE,FALSE,TRUE,FALSE,FALSE,FALSE,FALSE,FALSE,FALSE,TRUE,TRUE,FALSE,FALSE,TRUE,TRUE,TRUE,TRUE,TRUE,FALSE,TRUE,TRUE,TRUE,TRUE,TRUE
module_31,0.831592847,1,1,0.694198218,0.901128999,0.471300601,1,0.951366856,0.953710789,0.966267207,0.558904772,0.991896876,0.590441901,1,1,1,,0.257019057,0.278554769,0.286244806,-0.725862713,0.227081422,-0.886956285,-0.813255726,-0.292449166,0.767591746,0.373231695,-1.081345602,0.185126425,0.946552021,1.066643234,0,-0.187641502,,0.545666606,0.765282383,0.883437867,0.662097019,0.677389709,0.667096514,1.170566961,0.969518885,0.983622543,0.979551006,1.009977919,1.031140739,1.020640776,1.313222249,0.559958276,1.293134539,0.471018483,0.363989523,0.32401238,-1.096308687,0.335230103,-1.329577155,-0.694753699,-0.3016436,0.780372259,0.381023237,-1.070662617,0.179535555,0.927409568,0.812233599,0,-0.145105939,0.639686805,0.71740057,0.747335803,0.278732897,0.739058364,0.190332935,0.490463911,0.764338155,0.439353393,0.704809561,0.290200555,0.858372296,0.358887744,0.420909875,1,0.885213635,FALSE,FALSE,FALSE,FALSE,FALSE,FALSE,FALSE,FALSE,FALSE,FALSE,FALSE,FALSE,FALSE,FALSE,FALSE,FALSE,TRUE,TRUE,TRUE,TRUE,TRUE,TRUE,TRUE,TRUE,TRUE,TRUE,TRUE,TRUE,TRUE,TRUE,TRUE,TRUE
module_32,0.982855361,1,1,1,0.786715655,1,1,0.989268295,0.953710789,0.966267207,0.872807081,0.434182095,0.590441901,1,1,1,,0.136457541,0.185102119,0.17625645,-0.221493403,0.569308626,0.138233872,-0.196398566,-0.197950998,-0.659082429,-1.040492775,-0.818728786,1.798345504,1.339287497,-0.057945425,-0.279975374,-0.048635038,,0.760883845,1.070487694,1.179895103,0.889009547,0.8633553,0.876328219,1.561759623,1.332291273,1.23152882,1.264229641,1.495973458,1.486021996,1.490731143,1.918946914,1.835292741,1.852866283,0.17934083,0.172913823,0.149383153,-0.249146259,0.659414063,0.157742121,-0.12575467,-0.14857937,-0.535174182,-0.823025138,-0.547288311,1.210174216,0.89840982,-0.030196471,-0.152550799,-0.026248542,0.858475461,0.863496825,0.881929629,0.804915938,0.514391005,0.875660274,0.900499164,0.882716456,0.595796804,0.416113492,0.587466305,0.233790359,0.374703514,0.976073865,0.879596467,0.979205325,FALSE,FALSE,FALSE,FALSE,FALSE,FALSE,FALSE,FALSE,FALSE,FALSE,FALSE,FALSE,FALSE,FALSE,FALSE,FALSE,TRUE,TRUE,TRUE,TRUE,TRUE,TRUE,TRUE,TRUE,TRUE,TRUE,TRUE,TRUE,TRUE,TRUE,TRUE,TRUE
module_33,0.025628692,0.921971837,1,0.177256094,0.689271951,0.251157918,1,0.92860295,0.953710789,0.966267207,0.002465472,0.098433577,0.162774965,1,1,1,,1.214384068,-0.909990824,0.098379534,-1.169044281,-0.385159608,-0.958060779,0.443239991,1.104546765,0.611939822,0.641483675,-3.319659717,-2.318053278,-1.702758068,-0.691095274,0,0,,0.417964452,0.618933327,0.581716088,0.518478566,0.477205702,0.491432671,0.859851631,0.757449893,0.747210884,0.713842131,0.844837096,1.165479206,0.950626635,1.192956051,0.559958276,0.553893196,2.905472135,-1.470256623,0.1691195,-2.254759133,-0.807114429,-1.949526021,0.51548427,1.458244004,0.818965348,0.898635212,-3.929348905,-1.988927187,-1.791195414,-0.579313272,0,0,0.004928595,0.146008258,0.866232658,0.029244545,0.424167354,0.05795952,0.607961158,0.151599699,0.417223595,0.373565151,0.000237065,0.050890008,0.078257195,0.564615226,1,1,TRUE,FALSE,FALSE,FALSE,FALSE,FALSE,FALSE,FALSE,FALSE,FALSE,TRUE,FALSE,FALSE,FALSE,FALSE,FALSE,TRUE,TRUE,TRUE,FALSE,TRUE,TRUE,TRUE,TRUE,TRUE,TRUE,TRUE,FALSE,FALSE,TRUE,TRUE,TRUE
module_34,0.090830105,1,1,0.242723175,0.212768054,0.319051734,1,0.92860295,0.953710789,1,0.936281996,0.436121109,0.423393556,0.937013074,1,1,,-1.561214072,0.338704559,-0.227404131,1.676505106,1.627205273,1.308032277,-0.077691041,-1.501407636,-0.416378021,-0.052170945,0.179065179,1.237217323,1.200457686,1.485255374,0.719911419,0,,0.703118062,0.962363895,0.869294516,0.832826669,0.82480909,0.782246061,0.91409439,1.095666149,1.08668046,1.039309163,1.031546022,1.023486984,0.983064114,1.113910923,1.051861634,0.553893196,-2.220415257,0.351950609,-0.261596188,2.013030044,1.972826551,1.672149393,-0.084992361,-1.370314887,-0.383165094,-0.050197715,0.173589132,1.208825654,1.221138753,1.33336997,0.684416463,0,0.034934656,0.7275151,0.795582914,0.060680794,0.065467093,0.109308132,0.933028385,0.18793667,0.706163821,0.96044896,0.864260304,0.243221388,0.236123329,0.197886173,0.501925973,1,FALSE,FALSE,FALSE,FALSE,FALSE,FALSE,FALSE,FALSE,FALSE,FALSE,FALSE,FALSE,FALSE,FALSE,FALSE,FALSE,TRUE,TRUE,TRUE,TRUE,TRUE,TRUE,TRUE,TRUE,TRUE,TRUE,TRUE,TRUE,TRUE,TRUE,TRUE,TRUE
module_35,0.021296364,1,1,0.032895963,0.219841438,0.004438186,1,0.989268295,0.953710789,0.966267207,0.872807081,0.578375353,0.263455236,0.937013074,1,1,,1.784687733,0.416620945,-0.982337296,-3.684830321,-2.114576028,-3.687719344,1.275386276,-0.270855153,-0.847120237,-0.452144764,0.915267604,1.373135359,2.002843954,-3.017474527,-1.17217345,-1.094438225,,0.57485136,0.787993556,0.78362522,1.156274422,1.148872035,0.933827812,1.090344286,1.609240894,1.874536938,1.454322125,1.625241757,1.473081443,1.306093627,2.224446082,2.300145913,2.193004159,3.104607309,0.528711106,-1.253580502,-3.186812966,-1.840567064,-3.949035676,1.169709689,-0.168312372,-0.451909066,-0.31089726,0.563157819,0.932151692,1.533461241,-1.356506031,-0.509608301,-0.499058892,0.003192663,0.599442258,0.216066082,0.002530459,0.071871239,0.000256049,0.24789336,0.867044756,0.65337004,0.757224867,0.575948767,0.355923294,0.131727618,0.181284483,0.61266104,0.620017539,TRUE,FALSE,FALSE,TRUE,FALSE,TRUE,FALSE,FALSE,FALSE,FALSE,FALSE,FALSE,FALSE,FALSE,FALSE,FALSE,TRUE,FALSE,TRUE,TRUE,FALSE,TRUE,TRUE,TRUE,TRUE,TRUE,TRUE,TRUE,TRUE,TRUE,TRUE,TRUE
module_36,0.932437674,0.921971837,1,0.656810099,1,0.452823216,1,0.92860295,0.953710789,0.966267207,0.936281996,9.76E-05,0.000196028,1,1,1,,0.112354031,-0.902038593,-0.766073892,-0.600980852,0.012723832,-0.683059218,1.32201411,0.557200751,0.369446182,0.70917997,0.178235614,3.580171259,3.426646837,-0.88555399,-1.119892752,-1.195752744,,0.418673753,0.585889041,0.606988905,0.4930951,0.492691185,0.498062094,0.826355072,0.708169857,0.699121784,0.685123188,0.728262987,0.730643421,0.729988233,0.914515704,0.867511823,0.85220551,0.268356997,-1.539606531,-1.262088788,-1.218792992,0.025825167,-1.371433856,1.599813634,0.786817944,0.528443242,1.035113074,0.244740729,4.900025317,4.694112431,-0.968331092,-1.290925059,-1.403127216,0.788985724,0.126849621,0.209897717,0.226587238,0.979460361,0.174162775,0.112828252,0.433821488,0.598637054,0.303878139,0.807312866,5.01E-06,1.13E-05,0.336024844,0.200585786,0.164717981,FALSE,FALSE,FALSE,FALSE,FALSE,FALSE,FALSE,FALSE,FALSE,FALSE,FALSE,TRUE,TRUE,FALSE,FALSE,FALSE,TRUE,TRUE,TRUE,FALSE,FALSE,FALSE,TRUE,TRUE,TRUE,TRUE,TRUE,FALSE,FALSE,TRUE,TRUE,TRUE
module_37,0.696592126,0.921971837,1,0.963479384,0.136456591,0.887992909,1,0.563319344,0.953710789,0.699440833,0.783411773,0.078945339,0.086896599,1,1,1,,-0.379611109,1.381345178,-0.404709708,0.226601292,1.177482407,0.328373868,-0.165427301,-1.722581758,-1.378209192,-1.396940574,-0.564521354,1.708912297,1.702661177,0.740701736,0.057571593,-0.187172121,,0.491961079,0.711077949,0.69986272,0.55828266,0.549343458,0.563316877,1.006297792,0.796186455,0.794670184,0.792992193,0.800601331,0.800992326,0.806209722,1.054393458,1.018792973,1.013177262,-0.771628337,1.94260725,-0.578270133,0.405889899,2.143435749,0.582929221,-0.164391995,-2.163540645,-1.734315971,-1.761606968,-0.705121678,2.13349397,2.111933322,0.702490831,0.056509609,-0.184737783,0.44206808,0.05474247,0.564234163,0.685552639,0.034114148,0.561044329,0.869727753,0.032499193,0.085452368,0.080704711,0.482099553,0.034918131,0.036763946,0.483739052,0.955030202,0.853747814,FALSE,FALSE,FALSE,FALSE,FALSE,FALSE,FALSE,FALSE,FALSE,FALSE,FALSE,FALSE,FALSE,FALSE,FALSE,FALSE,TRUE,FALSE,FALSE,TRUE,FALSE,TRUE,TRUE,FALSE,TRUE,TRUE,TRUE,FALSE,FALSE,TRUE,TRUE,TRUE
module_38,0.844617858,1,1,0.765273034,0.625429048,1,1,0.92860295,0.953710789,0.966267207,0.544194386,0.989657393,0.837996301,1,1,1,,0.290196555,-0.010379028,0.894940922,-0.802122919,0.763628704,-0.057358101,0.132329969,0.553609614,-0.690246178,-1.027190673,-1.447356445,0.264060934,0.571579044,-1.480533798,0.153672255,0.018069453,,0.66898368,0.899079425,0.994978468,0.884371466,0.813484535,0.842020304,1.34205218,1.170006564,1.137498834,1.121028707,1.294761471,1.281341745,1.296019414,1.80292057,1.708161984,1.693366437,0.433787196,-0.011544062,0.899457577,-0.906997738,0.93871324,-0.068119618,0.0986027,0.473167956,-0.606810449,-0.916292925,-1.117855665,0.206081582,0.441026607,-0.82118637,0.089963514,0.010670728,0.665948696,0.990826442,0.371889203,0.367919728,0.351520689,0.945909627,0.92177183,0.637755066,0.546192468,0.363063671,0.267941516,0.83740241,0.660727853,0.414686611,0.928606209,0.991520414,FALSE,FALSE,FALSE,FALSE,FALSE,FALSE,FALSE,FALSE,FALSE,FALSE,FALSE,FALSE,FALSE,FALSE,FALSE,FALSE,TRUE,TRUE,TRUE,TRUE,FALSE,TRUE,TRUE,TRUE,TRUE,TRUE,TRUE,TRUE,TRUE,TRUE,TRUE,TRUE
module_39,0.025472289,1,1,0.765273034,0.107741583,0.940057245,1,0.92860295,0.953710789,0.968752651,0.936281996,0.005151808,0.000976775,0.937013074,1,1,,-1.285847924,0.372144382,0.488291573,0.477689849,1.27724792,0.240809181,-0.550650677,-0.655190509,-1.013681835,0.189005151,0.207403111,2.559149399,3.04135647,1.286882571,1.433495201,0.553142806,,0.443642622,0.623320376,0.614875518,0.525558253,0.516472197,0.530565606,0.878148877,0.76342315,0.749769868,0.748419564,0.739107959,0.739503478,0.750441257,0.978952872,0.932593027,0.936234559,-2.898386811,0.597035483,0.794130777,0.908918938,2.473023576,0.453872581,-0.627058453,-0.858227195,-1.351990628,0.25253903,0.280612741,3.460632,4.052757549,1.314550074,1.537106926,0.590816479,0.004408665,0.551579638,0.4285768,0.365366962,0.014917158,0.650808862,0.531766517,0.392570562,0.179093993,0.801083923,0.779531,0.000766423,9.39E-05,0.19134407,0.127105607,0.555830664,TRUE,FALSE,FALSE,FALSE,FALSE,FALSE,FALSE,FALSE,FALSE,FALSE,FALSE,TRUE,TRUE,FALSE,FALSE,FALSE,TRUE,TRUE,TRUE,TRUE,FALSE,TRUE,TRUE,FALSE,FALSE,TRUE,TRUE,FALSE,FALSE,FALSE,TRUE,TRUE
module_40,0.544893097,0.952287354,1,0.768861326,0.369764399,0.976334847,1,0.92860295,0.953710789,0.966267207,0.00356747,0.098433577,0.315117732,1,1,1,,0.662696505,-0.706742345,0.674144362,-0.628079542,1.042395011,0.177612773,-0.270436989,0.645217325,-0.283072286,0.66814298,-4.4158342,-2.619524239,-1.861203275,1.062185851,3.610961845,1.873254054,,0.653205183,0.919961606,1.018484874,0.737980163,0.71420661,0.724366426,1.331487503,1.03947187,1.019945209,1.01609187,1.192608504,1.317579669,1.320659746,1.483876597,1.8192329,1.812907736,1.014530384,-0.768230261,0.661909056,-0.851079167,1.459514651,0.245197412,-0.20310892,0.620716485,-0.277536758,0.657561585,-3.702668717,-1.988133469,-1.409298104,0.715818184,1.984881565,1.033287032,0.314361402,0.445250163,0.510406286,0.399216458,0.151061334,0.807353816,0.839694807,0.537963651,0.782614802,0.514083535,0.000480236,0.051109742,0.163618822,0.477304047,0.051587986,0.305480943,FALSE,FALSE,FALSE,FALSE,FALSE,FALSE,FALSE,FALSE,FALSE,FALSE,TRUE,FALSE,FALSE,FALSE,FALSE,FALSE,TRUE,TRUE,TRUE,FALSE,FALSE,FALSE,TRUE,TRUE,TRUE,TRUE,TRUE,FALSE,FALSE,TRUE,TRUE,TRUE
module_42,0.60324929,1,1,0.694198218,0.317548355,0.96169065,1,0.92860295,0.955968702,0.966267207,0.024153608,0.098433577,1,1,1,1,,0.460925446,-0.408951927,0.09430254,-0.679594903,0.977762945,0.191788806,1.035967317,0.444616174,0.18901296,0.704621281,-2.618965513,-2.083552021,0.127582037,-0.547477861,0.867304766,-1.488704514,,0.512596257,0.73647671,0.736913182,0.619564661,0.603525549,0.617299674,1.080193492,0.873277993,0.857819946,0.856161936,0.933380675,1.042566687,1.149026853,1.269157411,1.650601915,1.708418094,0.899197838,-0.555281547,0.127969675,-1.096891004,1.620085424,0.310689951,0.959057173,0.509134752,0.220341065,0.823000008,-2.805892156,-1.998483212,0.111034861,-0.431371126,0.525447571,-0.871393553,0.371230332,0.580205178,0.898520914,0.282174879,0.116027284,0.758256089,0.34063019,0.614792226,0.827280607,0.417793668,0.006864863,0.050273329,0.911915012,0.667886055,0.600891033,0.386355071,FALSE,FALSE,FALSE,FALSE,FALSE,FALSE,FALSE,FALSE,FALSE,FALSE,TRUE,FALSE,FALSE,FALSE,FALSE,FALSE,TRUE,TRUE,TRUE,TRUE,FALSE,TRUE,TRUE,TRUE,TRUE,TRUE,FALSE,FALSE,FALSE,TRUE,TRUE,TRUE
module_43,1,1,1,1,1,1,1,1,1,1,1,1,1,1,1,1,,NA,NA,NA,NA,NA,NA,NA,NA,NA,NA,NA,NA,NA,NA,NA,NA,,NA,NA,NA,NA,NA,NA,NA,NA,NA,NA,NA,NA,NA,NA,NA,NA,NA,NA,NA,NA,NA,NA,NA,NA,NA,NA,NA,NA,NA,NA,NA,NA,1,1,1,1,1,1,1,1,1,1,1,1,1,1,1,1,FALSE,FALSE,FALSE,FALSE,FALSE,FALSE,FALSE,FALSE,FALSE,FALSE,FALSE,FALSE,FALSE,FALSE,FALSE,FALSE,TRUE,TRUE,TRUE,TRUE,TRUE,TRUE,TRUE,TRUE,TRUE,FALSE,FALSE,TRUE,TRUE,TRUE,TRUE,TRUE
module_44,0.390347717,0.952287354,1,0.182163269,0.84855126,0.660815958,1,0.92860295,0.953710789,0.966267207,0.427314503,0.005151808,0.023387475,1,1,1,,-0.649178833,-0.52690988,-0.087677661,-1.484716541,-0.27265273,-0.699030163,0.222583913,1.406360082,0.547103779,0.483871337,1.227827248,3.037030644,2.613396827,-0.407804763,0,0.247886799,,0.5039883,0.705134938,0.740619134,0.686713089,0.545920929,0.673888132,1.045823972,0.92128351,0.835076484,0.86093587,0.909044018,0.827979696,0.91330752,1.168759692,0.559958276,1.095329346,-1.288083141,-0.747246877,-0.118384277,-2.162062389,-0.499436302,-1.037308909,0.212831144,1.526522582,0.655154097,0.562029477,1.35067964,3.668001349,2.86146426,-0.348920968,0,0.22631257,0.202680545,0.457830459,0.906152724,0.035031398,0.620095152,0.304991981,0.832172105,0.132638564,0.515753799,0.576649843,0.182817386,0.0006462,0.006296628,0.728614786,1,0.821730345,FALSE,FALSE,FALSE,FALSE,FALSE,FALSE,FALSE,FALSE,FALSE,FALSE,FALSE,TRUE,TRUE,FALSE,FALSE,FALSE,TRUE,TRUE,TRUE,TRUE,TRUE,TRUE,TRUE,TRUE,TRUE,TRUE,TRUE,FALSE,TRUE,TRUE,TRUE,TRUE
module_45,0.531391277,1,1,1,0.810616527,0.94730081,1,0.92860295,0.953710789,0.966267207,0.888220949,0.041742474,0.40325424,1,1,1,,-0.648034967,0.164138129,-0.352834363,-0.023838377,0.41992603,0.289318782,0.565302599,0.740913668,-0.557984296,-0.274800259,-0.554335605,3.40461682,1.446352787,0.339988888,0.082572401,1.252983861,,0.615134281,0.81995954,0.860011413,0.723801213,0.733081614,0.72886988,1.158763204,1.042836093,1.024037921,0.967177404,1.095029305,1.332841046,1.156289693,1.427843614,1.554677547,1.371261828,-1.053485372,0.200178327,-0.410267071,-0.032934979,0.572823028,0.396941608,0.487849974,0.710479502,-0.544886361,-0.284126012,-0.506229014,2.554405741,1.250856767,0.238113533,0.053112236,0.913745162,0.296352828,0.842018071,0.683073054,0.973860941,0.569242994,0.693143305,0.627435439,0.480991562,0.588288897,0.777526113,0.614922195,0.013646578,0.217136898,0.812804336,0.957854231,0.365468078,FALSE,FALSE,FALSE,FALSE,FALSE,FALSE,FALSE,FALSE,FALSE,FALSE,FALSE,TRUE,FALSE,FALSE,FALSE,FALSE,TRUE,TRUE,TRUE,TRUE,TRUE,TRUE,TRUE,TRUE,TRUE,TRUE,FALSE,FALSE,TRUE,TRUE,FALSE,TRUE
module_46,0.876908364,1,1,0.952508241,0.654073231,0.599856572,1,0.563319344,0.953710789,0.966267207,0.082682773,0.942689,0.728217622,0.937013074,1,1,,0.215376878,0.319323521,0.807167371,-0.331283738,0.656655931,-0.775507199,-0.136559058,-2.408892013,-2.049832102,-0.651322349,-2.312346391,-0.374702217,0.626471466,1.990746377,1.741812675,0.325767389,,0.572388569,0.774885582,0.874775517,0.679483382,0.754966862,0.68610651,1.262360959,0.981387853,1.068385592,0.872936595,0.983565819,1.039630886,0.957990697,1.420131616,1.448443484,1.243384568,0.376277391,0.412091189,0.922713719,-0.487552377,0.869781131,-1.130301473,-0.108177504,-2.45457696,-1.918625744,-0.7461279,-2.350982868,-0.360418512,0.653943162,1.401804139,1.202540999,0.262000508,0.708272141,0.682016053,0.360679719,0.628623283,0.389928272,0.265321176,0.91428355,0.01983529,0.063015782,0.460657126,0.025440853,0.721018004,0.518154846,0.170290766,0.237249416,0.794949375,FALSE,FALSE,FALSE,FALSE,FALSE,FALSE,FALSE,FALSE,FALSE,FALSE,FALSE,FALSE,FALSE,FALSE,FALSE,FALSE,TRUE,TRUE,TRUE,TRUE,TRUE,TRUE,TRUE,TRUE,TRUE,TRUE,TRUE,TRUE,TRUE,TRUE,TRUE,TRUE
module_47,1,0.921971837,1,0.848502718,0.550291622,0.887992909,1,0.92860295,0.953710789,0.780824859,0.427314503,0.489872654,0.619466231,1,1,1,,-0.016711947,-0.62358219,0.214835857,-0.381052399,0.517115364,-0.290556439,0.447036368,0.584841819,0.355993767,0.976404959,-1.014481876,0.782357316,0.61176232,0.45909169,-0.173320975,-0.304284074,,0.424286491,0.559470209,0.624908722,0.506774047,0.488445952,0.492982655,0.827857237,0.726698795,0.673252735,0.641732935,0.734256933,0.7325948,0.727283522,0.927570818,0.85281484,0.82125626,-0.039388354,-1.114594093,0.343787579,-0.751917744,1.058695158,-0.58938471,0.5399921,0.804792609,0.528766908,1.521512932,-1.381644259,1.067926384,0.841160705,0.494939773,-0.203234004,-0.370510508,0.968711667,0.269517867,0.732213995,0.456886079,0.296310873,0.558702441,0.591207596,0.425731849,0.599818122,0.135142764,0.174907316,0.292039467,0.405035612,0.623382555,0.839988944,0.712878761,FALSE,FALSE,FALSE,FALSE,FALSE,FALSE,FALSE,FALSE,FALSE,FALSE,FALSE,FALSE,FALSE,FALSE,FALSE,FALSE,TRUE,TRUE,TRUE,TRUE,TRUE,TRUE,TRUE,TRUE,TRUE,TRUE,TRUE,TRUE,TRUE,TRUE,TRUE,TRUE
module_48,0.021296364,0.921971837,1,0.061778848,0.529415235,0.251157918,1,0.563319344,0.953710789,0.780824859,0.242648585,0.892257828,0.837996301,0.937013074,1,1,,1.398325657,-1.148002379,-0.019131077,-1.672277049,-0.696727225,-1.231085237,1.090490801,2.101240932,0.845822631,1.453869239,-1.441437205,0.427279695,0.395944453,-2.201338011,-0.914677143,-1.67283913,,0.448057447,0.679443891,0.612902463,0.608860838,0.612318251,0.640865434,0.916774996,0.928835395,0.9184624,0.943137321,0.838191285,0.853454348,0.869500535,1.181159966,1.138278407,1.153736746,3.120862437,-1.689620577,-0.031213901,-2.74656694,-1.137851475,-1.920973066,1.189485757,2.262231763,0.920911548,1.541524449,-1.719699586,0.500647395,0.455369994,-1.86370862,-0.803561885,-1.449931396,0.002209771,0.093429811,0.975145507,0.007128329,0.257788944,0.057376462,0.23635649,0.025761024,0.35926413,0.126152466,0.08866006,0.617716958,0.649807881,0.065276786,0.423567579,0.15014245,TRUE,FALSE,FALSE,FALSE,FALSE,FALSE,FALSE,FALSE,FALSE,FALSE,FALSE,FALSE,FALSE,FALSE,FALSE,FALSE,TRUE,FALSE,TRUE,FALSE,TRUE,FALSE,TRUE,TRUE,TRUE,TRUE,TRUE,TRUE,TRUE,TRUE,TRUE,TRUE
module_49,0.320424095,0.921971837,1,0.656810099,0.994616563,0.887992909,1,0.92860295,0.953710789,0.966267207,0.020022019,1,1,1,1,1,,0.619729189,0.54811539,0.156695942,-0.647065842,0.090983439,-0.338800212,0.149483484,-0.420967329,-0.339213047,-0.367179135,-2.427309843,0,0,-0.054613985,0,0,,0.436536233,0.610406917,0.585875892,0.530101542,0.516240259,0.530334498,0.869645451,0.729075828,0.727633746,0.722397403,0.796587796,0.578247707,0.583632915,1.041579711,0.559958276,0.553893196,1.419651206,0.897950817,0.267455862,-1.220645084,0.176242432,-0.638842492,0.171890147,-0.577398554,-0.466186524,-0.508278592,-3.047134107,0,0,-0.052433802,0,0,0.160212047,0.372334781,0.789916025,0.227357342,0.860725872,0.525474857,0.864027039,0.565964553,0.642798074,0.613211912,0.003465349,1,1,0.958334565,1,1,FALSE,FALSE,FALSE,FALSE,FALSE,FALSE,FALSE,FALSE,FALSE,FALSE,TRUE,FALSE,FALSE,FALSE,FALSE,FALSE,TRUE,TRUE,TRUE,FALSE,FALSE,FALSE,TRUE,TRUE,TRUE,TRUE,TRUE,FALSE,FALSE,TRUE,TRUE,TRUE
module_50,0.0516847,0.921971837,0.341581486,0.353891188,0.810616527,0.265914204,1,0.92860295,0.953710789,0.699440833,0.002465472,0.007251484,0.001578092,0.937013074,1,1,,1.352531577,-1.06737598,2.550449533,-1.005835333,-0.328236596,-1.125926765,-0.934748032,0.954701042,1.16892169,1.777000741,-4.281498975,-3.623478567,-3.326897448,1.285588129,0.877165063,0,,0.529018035,0.717037021,0.913906313,0.60461184,0.584699731,0.602747035,0.891340651,0.815445995,0.797754719,0.799149756,1.037052702,1.064488912,0.826521761,0.987143226,0.97735384,0.553893196,2.556683304,-1.488592568,2.790712239,-1.663605089,-0.561376343,-1.867992208,-1.04869898,1.170771635,1.465264526,2.223614195,-4.128525935,-3.403960835,-4.025178288,1.302331915,0.897489759,0,0.012302623,0.140225708,0.006568875,0.102083997,0.576784837,0.066478551,0.298052304,0.246826738,0.148575754,0.030079828,0.000124041,0.001255064,0.000182088,0.198214304,0.37350471,1,FALSE,FALSE,FALSE,FALSE,FALSE,FALSE,FALSE,FALSE,FALSE,FALSE,TRUE,TRUE,TRUE,FALSE,FALSE,FALSE,TRUE,TRUE,TRUE,TRUE,FALSE,FALSE,TRUE,TRUE,TRUE,TRUE,FALSE,FALSE,FALSE,TRUE,TRUE,TRUE
module_51,0.801918165,0.952287354,1,1,0.362860785,0.887992909,1,0.803076817,0.953710789,0.966267207,0.083902024,0.778340686,0.590441901,1,1,1,,0.25010535,-0.48044081,0.151955804,0.009434567,0.73519955,0.280978772,-0.199989181,1.316017,0.250141003,-0.268496393,-1.717008687,-0.493596956,-0.703591286,-0.193132383,0.788137592,1.580597395,,0.421889602,0.590015047,0.634112576,0.498111822,0.488897093,0.503023349,0.86629577,0.686969559,0.696330845,0.676642971,0.756587044,0.741742281,0.782502053,0.92598799,0.887055869,0.896706071,0.592821792,-0.814285691,0.239635374,0.01894066,1.503792027,0.558579981,-0.230855544,1.915684593,0.359227234,-0.396806594,-2.269413282,-0.665456142,-0.899155834,-0.208568993,0.888486982,1.762670562,0.555174114,0.418199499,0.811264408,0.984971461,0.13956184,0.578812549,0.818059363,0.06177514,0.721071246,0.693146099,0.027429508,0.508915064,0.37230958,0.83564531,0.378650799,0.083507092,FALSE,FALSE,FALSE,FALSE,FALSE,FALSE,FALSE,FALSE,FALSE,FALSE,FALSE,FALSE,FALSE,FALSE,FALSE,FALSE,TRUE,TRUE,TRUE,TRUE,TRUE,TRUE,TRUE,TRUE,TRUE,TRUE,TRUE,TRUE,TRUE,TRUE,TRUE,TRUE
module_52,0.008951763,0.921971837,1,0.205982605,1,0.319051734,1,0.92860295,0.953710789,0.966267207,0.002465472,0.023510832,0.041850239,1,1,1,,1.337091361,-0.590449054,0.583735474,-0.959607772,0.048282771,-0.764434851,-0.440774368,0.541446415,-0.205716858,0.758052584,-2.524485872,-1.833565084,-1.630855086,0.693284228,1.307060701,0.325882333,,0.381273289,0.546190378,0.526633019,0.470385788,0.461037772,0.475313079,0.76496376,0.664762087,0.663059678,0.661342263,0.660600947,0.665420205,0.666348226,0.847656878,0.820281156,0.806260475,3.506910655,-1.081031593,1.10842931,-2.040044142,0.10472628,-1.608276492,-0.576202941,0.814496534,-0.310253911,1.146233391,-3.821499018,-2.755499564,-2.447451679,0.817883092,1.593430119,0.404189891,0.000614912,0.281598331,0.269634912,0.043573243,0.91677041,0.110440985,0.565431387,0.416997596,0.756913941,0.254012475,0.000213016,0.006781971,0.015856539,0.415068692,0.113702798,0.686800271,TRUE,FALSE,FALSE,FALSE,FALSE,FALSE,FALSE,FALSE,FALSE,FALSE,TRUE,TRUE,TRUE,FALSE,FALSE,FALSE,TRUE,TRUE,TRUE,FALSE,TRUE,TRUE,TRUE,TRUE,TRUE,TRUE,TRUE,TRUE,FALSE,TRUE,TRUE,TRUE
module_53,0.812609291,1,1,1,0.625429048,0.673112357,1,0.92860295,0.953710789,0.966267207,1,1,0.095203313,1,1,1,,0.443138515,-0.818966725,1.305263907,0.022656956,0.933288026,-0.997596235,0.545521037,0.747058695,0.449402455,1.303571952,0,0,-4.855115328,0,0,0,,0.860955365,1.649261006,1.647096384,1.056550046,1.010178863,0.998795194,2.397193825,1.842437682,1.820093352,1.805657112,0.577844043,0.578247707,2.315921378,0.606795612,0.559958276,0.553893196,0.514705562,-0.496565869,0.792463586,0.021444281,0.923883938,-0.998799595,0.227566512,0.405472979,0.246911761,0.721937705,0,0,-2.096407665,0,0,0,0.609456968,0.622084362,0.432544022,0.982992807,0.36082445,0.32361171,0.821087437,0.68718805,0.806179455,0.474333198,1,1,0.042109158,1,1,1,FALSE,FALSE,FALSE,FALSE,FALSE,FALSE,FALSE,FALSE,FALSE,FALSE,FALSE,FALSE,FALSE,FALSE,FALSE,FALSE,TRUE,TRUE,TRUE,TRUE,FALSE,FALSE,TRUE,TRUE,TRUE,TRUE,FALSE,FALSE,FALSE,TRUE,TRUE,TRUE
